player_id,team_id,jersey_no,player_name,posi_to_play,dt_of_bir,age,playing_club,country_id
160001,1201,1,Etrit Berisha,GK,3/10/1989 0:00,27,Lazio,1201
160008,1201,2,Andi Lila,DF,2/12/1986 0:00,30,Giannina,1202
160016,1201,3,Ermir Lenjani,MF,8/5/1989 0:00,26,Nantes,1203
160007,1201,4,Elseid Hysaj,DF,2/20/1994 0:00,22,Napoli,1204
160013,1201,5,Lorik Cana,MF,7/27/1983 0:00,32,Nantes,1205
160010,1201,6,Frederic Veseli,DF,11/20/1992 0:00,23,Lugano,1206
160004,1201,7,Ansi Agolli,DF,10/11/1982 0:00,33,Qarabag,1207
160012,1201,8,Migjen Basha,MF,1/5/1987 0:00,29,Como,1208
160017,1201,9,Ledian Memushaj,MF,12/17/1986 0:00,29,Pescara,1209
160023,1201,10,Armando Sadiku,FD,5/27/1991 0:00,25,Vaduz,1210
160022,1201,11,Shkelzen Gashi,FD,7/15/1988 0:00,27,Colorado,1211
160003,1201,12,Orges Shehi,GK,9/25/1977 0:00,38,Skenderbeu,1212
160015,1201,13,Burim Kukeli,MF,1/16/1984 0:00,32,Zurich,1213
160019,1201,14,Taulant Xhaka,MF,3/28/1991 0:00,25,Basel,1214
160009,1201,15,Mergim Mavraj,DF,6/9/1986 0:00,30,Koln,1215
160021,1201,16,Sokol Cikalleshi,FD,7/27/1990 0:00,25,Istanbul Basaksehir,1216
160006,1201,17,Naser Aliji,DF,12/27/1993 0:00,22,Basel,1217
160005,1201,18,Arlind Ajeti,DF,9/25/1993 0:00,22,Frosinone,1218
160020,1201,19,Bekim Balaj,FD,1/11/1991 0:00,25,Rijeka,1219
160014,1201,20,Ergys Kace,MF,7/8/1993 0:00,22,PAOK,1220
160018,1201,21,Odise Roshi,MF,5/22/1991 0:00,25,Rijeka,1221
160011,1201,22,Amir Abrashi,MF,3/27/1990 0:00,26,Freiburg,1222
160002,1201,23,Alban Hoxha,GK,11/23/1987 0:00,28,Partizani,1223
160024,1202,1,Robert Almer,GK,3/20/1984 0:00,32,Austria Wien,1224
160036,1202,2,Gyorgy Garics,MF,3/8/1984 0:00,32,Darmstadt,1225
160027,1202,3,Aleksandar Dragovic,DF,3/6/1991 0:00,25,Dynamo Kyiv,1226
160029,1202,4,Martin Hinteregger,DF,9/7/1992 0:00,23,Monchengladbach,1227
160028,1202,5,Christian Fuchs,DF,4/7/1986 0:00,30,Leicester,1228
160038,1202,6,Stefan Ilsanker,MF,5/18/1989 0:00,27,Leipzig,1229
160043,1202,7,Marko Arnautovic,FD,4/19/1989 0:00,27,Stoke,1201
160034,1202,8,David Alaba,MF,6/24/1992 0:00,23,Bayern,1202
160046,1202,9,Rubin Okotie,FD,6/6/1987 0:00,29,1860 Munchen,1203
160040,1202,10,Zlatko Junuzovic,MF,9/26/1987 0:00,28,Bremen,1204
160037,1202,11,Martin Harnik,MF,6/10/1987 0:00,29,Stuttgart,1205
160025,1202,12,Heinz Lindner,GK,7/17/1990 0:00,25,Frankfurt,1206
160032,1202,13,Markus Suttner,DF,4/16/1987 0:00,29,Ingolstadt,1207
160035,1202,14,Julian Baumgartlinger,MF,1/2/1988 0:00,28,Mainz,1208
160031,1202,15,Sebastian Prodl,DF,6/21/1987 0:00,28,Watford,1209
160033,1202,16,Kevin Wimmer,DF,11/15/1992 0:00,23,Tottenham,1210
160030,1202,17,Florian Klein,DF,11/17/1986 0:00,29,Stuttgart,1211
160042,1202,18,Alessandro Schopf,MF,2/7/1994 0:00,22,Schalke,1212
160044,1202,19,Lukas Hinterseer,FD,3/28/1991 0:00,25,Ingolstadt,1213
160041,1202,20,Marcel Sabitzer,MF,3/17/1994 0:00,22,Leipzig,1214
160045,1202,21,Marc Janko,FD,6/25/1983 0:00,32,Basel,1215
160039,1202,22,Jakob Jantscher,MF,1/8/1989 0:00,27,Luzern,1216
160026,1202,23,Ramazan Ozcan,GK,6/28/1984 0:00,31,Ingolstadt,1217
160047,1203,1,Thibaut Courtois,GK,5/11/1992 0:00,24,Chelsea,1218
160050,1203,2,Toby Alderweireld,DF,3/2/1989 0:00,27,Tottenham,1219
160056,1203,3,Thomas Vermaelen,DF,11/14/1985 0:00,30,Barcelona,1220
160063,1203,4,Radja Nainggolan,MF,5/4/1988 0:00,28,Roma,1221
160057,1203,5,Jan Vertonghen,DF,4/24/1987 0:00,29,Tottenham,1222
160064,1203,6,Axel Witsel,MF,1/12/1989 0:00,27,Zenit,1223
160059,1203,7,Kevin De Bruyne,MF,6/28/1991 0:00,24,Man. City,1224
160061,1203,8,Marouane Fellaini,MF,11/22/1987 0:00,28,Man. United,1225
160067,1203,9,Romelu Lukaku,FD,5/13/1993 0:00,23,Everton,1226
160062,1203,10,Eden Hazard,MF,1/7/1991 0:00,25,Chelsea,1227
160058,1203,11,Yannick Carrasco,MF,9/4/1993 0:00,22,Atletico,1228
160049,1203,12,Simon Mignolet,GK,8/6/1988 0:00,27,Liverpool,1229
160048,1203,13,Jean-Francois Gillet,GK,5/31/1979 0:00,37,Mechelen,1201
160068,1203,14,Dries Mertens,FD,5/6/1987 0:00,29,Napoli,1202
160052,1203,15,Jason Denayer,DF,6/28/1995 0:00,20,Galatasaray,1203
160055,1203,16,Thomas Meunier,DF,9/12/1991 0:00,24,Club Brugge,1204
160069,1203,17,Divock Origi,FD,4/18/1995 0:00,21,Liverpool,1205
160053,1203,18,Christian Kabasele,DF,2/24/1991 0:00,25,Genk,1206
160060,1203,19,Mousa Dembele,MF,7/16/1987 0:00,28,Tottenham,1207
160066,1203,20,Christian Benteke,FD,12/3/1990 0:00,25,Liverpool,1208
160054,1203,21,Jordan Lukaku,DF,7/25/1994 0:00,21,Oostende,1209
160065,1203,22,Michy Batshuayi,FD,10/2/1993 0:00,22,Marseille,1210
160051,1203,23,Laurent Ciman,DF,8/5/1985 0:00,30,Montreal,1211
160072,1204,1,Ivan Vargic,GK,3/15/1987 0:00,29,Rijeka,1212
160079,1204,2,Sime Vrsaljko,DF,1/10/1992 0:00,24,Sassuolo,1213
160077,1204,3,Ivan Strinic,DF,7/17/1987 0:00,28,Napoli,1214
160085,1204,4,Ivan PeriSic,MF,2/2/1989 0:00,27,Internazionale,1215
160073,1204,5,Vedran Corluka,DF,2/5/1986 0:00,30,Lokomotiv Moskva,1216
160074,1204,6,Tin Jedvaj,DF,11/28/1995 0:00,20,Leverkusen,1217
160086,1204,7,Ivan Rakitic,MF,3/10/1988 0:00,28,Barcelona,1218
160083,1204,8,Mateo Kovacic,MF,5/6/1994 0:00,22,Real Madrid,1219
160090,1204,9,Andrej Kramaric,FD,6/19/1991 0:00,24,Hoffenheim,1220
160084,1204,10,Luka Modric,MF,9/9/1985 0:00,30,Real Madrid,1221
160076,1204,11,Darijo Srna,DF,5/1/1982 0:00,34,Shakhtar Donetsk,1222
160070,1204,12,Lovre Kalinic,GK,4/3/1990 0:00,26,Hajduk Split,1223
160075,1204,13,Gordon Schildenfeld,DF,3/18/1985 0:00,31,Dinamo Zagreb,1224
160081,1204,14,Marcelo Brozovic,MF,11/16/1992 0:00,23,Internazionale,1225
160087,1204,15,Marko Rog,MF,7/19/1995 0:00,20,Dinamo Zagreb,1226
160089,1204,16,Nikola Kalinic,FD,1/5/1988 0:00,28,Fiorentina,1227
160091,1204,17,Mario Mandzukic,FD,5/21/1986 0:00,30,Juventus,1228
160082,1204,18,Ante Coric,MF,4/14/1997 0:00,19,Dinamo Zagreb,1229
160080,1204,19,Milan Badelj,MF,2/25/1989 0:00,27,Fiorentina,1201
160092,1204,20,Marko Pjaca,FD,5/6/1995 0:00,21,Dinamo Zagreb,1202
160078,1204,21,Domagoj Vida,DF,4/29/1989 0:00,27,Dynamo Kyiv,1203
160088,1204,22,Duje Cop,FD,2/1/1990 0:00,26,Malaga,1204
160071,1204,23,Danijel SubaSic,GK,10/27/1984 0:00,31,Monaco,1205
160093,1205,1,Petr Cech,GK,5/20/1982 0:00,34,Arsenal,1206
160098,1205,2,Pavel Kaderabek,DF,4/25/1992 0:00,24,Hoffenheim,1207
160099,1205,3,Michal Kadlec,DF,12/13/1984 0:00,31,Fenerbahce,1208
160096,1205,4,Theodor Gebre Selassie,DF,12/24/1986 0:00,29,Bremen,1209
160097,1205,5,Roman Hubnik,DF,6/6/1984 0:00,32,Plzen,1210
160101,1205,6,TomasSivok,DF,9/15/1983 0:00,32,Bursaspor,1211
160114,1205,7,TomasNecid,FD,8/13/1989 0:00,26,Bursaspor,1212
160100,1205,8,David Limbersky,DF,10/6/1983 0:00,32,Plzen,1213
160104,1205,9,Borek Dockal,MF,9/30/1988 0:00,27,Sparta Praha,1214
160110,1205,10,TomasRosicky,MF,10/4/1980 0:00,35,Arsenal,1215
160109,1205,11,Daniel Pudil,MF,9/27/1985 0:00,30,Sheff. Wednesday,1216
160115,1205,12,Milan Skoda,FD,1/16/1986 0:00,30,Slavia Praha,1217
160108,1205,13,Jaroslav PlaSil,MF,1/5/1982 0:00,34,Bordeaux,1218
160105,1205,14,Daniel Kolar,MF,10/27/1985 0:00,30,Plzen,1219
160107,1205,15,David Pavelka,MF,5/18/1991 0:00,25,Kasimpasa,1220
160095,1205,16,TomasVaclik,GK,3/29/1989 0:00,27,Basel,1221
160102,1205,17,Marek Suchy,DF,3/29/1988 0:00,28,Basel,1222
160112,1205,18,Josef Sural,MF,5/30/1990 0:00,26,Sparta Praha,1223
160106,1205,19,Ladislav Krejci,MF,7/5/1992 0:00,23,Sparta Praha,1224
160111,1205,20,Jiri Skalak,MF,3/12/1992 0:00,24,Brighton,1225
160113,1205,21,David Lafata,FD,9/18/1981 0:00,34,Sparta Praha,1226
160103,1205,22,Vladimir Darida,MF,8/8/1990 0:00,25,Hertha,1227
160094,1205,23,TomasKoubek,GK,8/26/1992 0:00,23,Liberec,1228
160117,1206,1,Joe Hart,GK,4/19/1987 0:00,29,Man. City,1229
160125,1206,2,Kyle Walker,DF,5/28/1990 0:00,26,Tottenham,1201
160122,1206,3,Danny Rose,DF,7/2/1990 0:00,25,Tottenham,1202
160131,1206,4,James Milner,MF,1/4/1986 0:00,30,Liverpool,1203
160120,1206,5,Gary Cahill,DF,12/19/1985 0:00,30,Chelsea,1204
160123,1206,6,Chris Smalling,DF,11/22/1989 0:00,26,Man. United,1205
160132,1206,7,Raheem Sterling,MF,12/8/1994 0:00,21,Man. City,1206
160130,1206,8,Adam Lallana,MF,5/10/1988 0:00,28,Liverpool,1207
160134,1206,9,Harry Kane,FD,7/28/1993 0:00,22,Tottenham,1208
160136,1206,10,Wayne Rooney,FD,10/24/1985 0:00,30,Man. United,1209
160138,1206,11,Jamie Vardy,FD,1/11/1987 0:00,29,Leicester,1210
160121,1206,12,Nathaniel Clyne,DF,4/5/1991 0:00,25,Liverpool,1211
160116,1206,13,Fraser Forster,GK,3/17/1988 0:00,28,Southampton,1212
160129,1206,14,Jordan Henderson,MF,6/17/1990 0:00,26,Liverpool,1213
160137,1206,15,Daniel Sturridge,FD,9/1/1989 0:00,26,Liverpool,1214
160124,1206,16,John Stones,DF,5/28/1994 0:00,22,Everton,1215
160128,1206,17,Eric Dier,MF,1/15/1994 0:00,22,Tottenham,1216
160133,1206,18,Jack Wilshere,MF,1/1/1992 0:00,24,Arsenal,1217
160127,1206,19,Ross Barkley,MF,12/5/1993 0:00,22,Everton,1218
160126,1206,20,Dele Alli,MF,4/11/1996 0:00,20,Tottenham,1219
160119,1206,21,Ryan Bertrand,DF,8/5/1989 0:00,26,Southampton,1220
160135,1206,22,Marcus Rashford,FD,10/31/1997 0:00,18,Man. United,1221
160118,1206,23,Tom Heaton,GK,4/15/1986 0:00,30,Burnley,1222
160140,1207,1,Hugo Lloris,GK,12/26/1986 0:00,29,Tottenham,1223
160144,1207,2,Christophe Jallet,DF,10/31/1983 0:00,32,Lyon,1224
160143,1207,3,Patrice Evra,DF,5/15/1981 0:00,35,Juventus,1225
160147,1207,4,Adil Rami,DF,12/27/1985 0:00,30,Sevilla,1226
160152,1207,5,NGolo Kante,MF,3/29/1991 0:00,25,Leicester,1227
160150,1207,6,Yohan Cabaye,MF,1/14/1986 0:00,30,Crystal Palace,1228
160160,1207,7,Antoine Griezmann,FD,3/21/1991 0:00,25,Atletico,1229
160154,1207,8,Dimitri Payet,MF,3/29/1987 0:00,29,West Ham,1201
160159,1207,9,Olivier Giroud,FD,9/30/1986 0:00,29,Arsenal,1202
160158,1207,10,Andre-Pierre Gignac,FD,12/5/1985 0:00,30,Tigres,1203
160161,1207,11,Anthony Martial,FD,12/5/1995 0:00,20,Man. United,1204
160156,1207,12,Morgan Schneiderlin,MF,11/8/1989 0:00,26,Man. United,1205
160146,1207,13,Eliaquim Mangala,DF,2/13/1991 0:00,25,Man. City,1206
160153,1207,14,Blaise Matuidi,MF,4/9/1987 0:00,29,Paris,1207
160155,1207,15,Paul Pogba,MF,3/15/1993 0:00,23,Juventus,1208
160141,1207,16,Steve Mandanda,GK,3/28/1985 0:00,31,Marseille,1209
160142,1207,17,Lucas Digne,DF,7/20/1993 0:00,22,Roma,1210
160157,1207,18,Moussa Sissoko,MF,8/16/1989 0:00,26,Newcastle,1211
160148,1207,19,Bacary Sagna,DF,2/14/1983 0:00,33,Man. City,1212
160151,1207,20,Kingsley Coman,MF,6/13/1996 0:00,20,Bayern,1213
160145,1207,21,Laurent Koscielny,DF,9/10/1985 0:00,30,Arsenal,1214
160149,1207,22,Samuel Umtiti,DF,11/14/1993 0:00,22,Lyon,1215
160139,1207,23,Benoit Costil,GK,7/3/1987 0:00,28,Rennes,1216
160163,1208,1,Manuel Neuer,GK,3/27/1986 0:00,30,Bayern,1217
160170,1208,2,Shkodran Mustafi,DF,4/17/1992 0:00,24,Valencia,1218
160166,1208,3,Jonas Hector,DF,5/27/1990 0:00,26,Koln,1219
160167,1208,4,Benedikt Howedes,DF,2/29/1988 0:00,28,Schalke,1220
160168,1208,5,Mats Hummels,DF,12/16/1988 0:00,27,Dortmund,1221
160175,1208,6,Sami Khedira,MF,4/4/1987 0:00,29,Juventus,1222
160180,1208,7,Bastian Schweinsteiger,MF,8/1/1984 0:00,31,Man. United,1223
160177,1208,8,Mesut ozil,MF,10/15/1988 0:00,27,Arsenal,1224
160179,1208,9,Andre Schurrle,MF,11/6/1990 0:00,25,Wolfsburg,1225
160184,1208,10,Lukas Podolski,FD,6/4/1985 0:00,31,Galatasaray,1226
160173,1208,11,Julian Draxler,MF,9/20/1993 0:00,22,Wolfsburg,1227
160162,1208,12,Bernd Leno,GK,3/4/1992 0:00,24,Leverkusen,1228
160183,1208,13,Thomas Muller,FD,9/13/1989 0:00,26,Bayern,1229
160172,1208,14,Emre Can,MF,1/12/1994 0:00,22,Liverpool,1201
160181,1208,15,Julian Weigl,MF,9/8/1995 0:00,20,Dortmund,1202
160171,1208,16,Jonathan Tah,DF,2/11/1996 0:00,20,Leverkusen,1203
160165,1208,17,Jerome Boateng,DF,9/3/1988 0:00,27,Bayern,1204
160176,1208,18,Toni Kroos,MF,1/4/1990 0:00,26,Real Madrid,1205
160174,1208,19,Mario Gotze,MF,6/3/1992 0:00,24,Bayern,1206
160178,1208,20,Leroy Sane,MF,1/11/1996 0:00,20,Schalke,1207
160169,1208,21,Joshua Kimmich,DF,2/8/1995 0:00,21,Bayern,1208
160164,1208,22,Marc-Andre ter Stegen,GK,4/30/1992 0:00,24,Barcelona,1209
160182,1208,23,Mario Gomez,FD,7/10/1985 0:00,30,Besiktas,1210
160187,1209,1,Gabor Kiraly,GK,4/1/1976 0:00,40,Haladas,1211
160194,1209,2,Adam Lang,DF,1/17/1993 0:00,23,Videoton,1212
160193,1209,3,Mihaly Korhut,DF,12/1/1988 0:00,27,Debrecen,1213
160192,1209,4,Tamas Kadar,DF,3/14/1990 0:00,26,Lech,1214
160189,1209,5,Attila Fiola,DF,2/17/1990 0:00,26,Puskas Akademia,1215
160196,1209,6,Akos Elek,MF,7/21/1988 0:00,27,Diosgyor,1216
160202,1209,7,Balazs Dzsudzsak,FD,12/23/1986 0:00,29,Bursaspor,1217
160199,1209,8,Adam Nagy,MF,6/17/1995 0:00,21,Ferencvaros,1218
160207,1209,9,Adam Szalai,FD,12/9/1987 0:00,28,Hannover,1219
160203,1209,10,Zoltan Gera,FD,4/22/1979 0:00,37,Ferencvaros,1220
160204,1209,11,Krisztian Nemeth,FD,1/5/1989 0:00,27,Al-Gharafa,1221
160185,1209,12,Denes Dibusz,GK,11/16/1990 0:00,25,Ferencvaros,1222
160201,1209,13,Daniel Bode,FD,10/24/1986 0:00,29,Ferencvaros,1223
160198,1209,14,Gergo Lovrencsics,MF,9/1/1988 0:00,27,Lech,1224
160197,1209,15,Laszlo Kleinheisler,MF,4/8/1994 0:00,22,Bremen,1225
160195,1209,16,adam Pinter,DF,6/12/1988 0:00,28,Ferencvaros,1226
160205,1209,17,Nemanja Nikolic,FD,12/31/1987 0:00,28,Legia,1227
160200,1209,18,Zoltan Stieber,MF,10/16/1988 0:00,27,Nurnberg,1228
160206,1209,19,Tamas Priskin,FD,9/27/1986 0:00,29,Slovan Bratislava,1229
160190,1209,20,Richard Guzmics,DF,4/16/1987 0:00,29,Wisla,1201
160188,1209,21,Barnabas Bese,DF,5/6/1994 0:00,22,MTK,1202
160186,1209,22,Peter Gulacsi,GK,5/6/1990 0:00,26,Leipzig,1203
160191,1209,23,Roland Juhasz,DF,7/1/1983 0:00,32,Videoton,1204
160208,1210,1,Hannes Halldorsson,GK,4/27/1984 0:00,32,Bodo/Glimt,1205
160216,1210,2,Birkir Saevarsson,DF,11/11/1984 0:00,31,Hammarby,1206
160212,1210,3,Haukur Heidar Hauksson,DF,9/1/1991 0:00,24,AIK,1207
160213,1210,4,Hjortur Hermannsson,DF,2/8/1995 0:00,21,Goteborg,1208
160214,1210,5,Sverrir Ingason,DF,8/5/1993 0:00,22,Lokeren,1209
160217,1210,6,Ragnar Sigurdsson,DF,6/19/1986 0:00,29,Krasnodar,1210
160229,1210,7,Johann Gudmundsson,FD,10/27/1990 0:00,25,Charlton,1211
160221,1210,8,Birkir Bjarnason,MF,5/27/1988 0:00,28,Basel,1212
160230,1210,9,Kolbeinn Sigthorsson,FD,3/14/1990 0:00,26,Nantes,1213
160224,1210,10,Gylfi Sigurdsson,MF,9/8/1989 0:00,26,Swansea,1214
160227,1210,11,Alfred Finnbogason,FD,2/1/1989 0:00,27,Augsburg,1215
160210,1210,12,Ogmundur Kristinsson,GK,6/19/1989 0:00,26,Hammarby,1216
160209,1210,13,Ingvar Jonsson,GK,10/18/1989 0:00,26,Sandefjord,1217
160220,1210,14,Kari Arnason,MF,10/13/1982 0:00,33,Malmo,1218
160226,1210,15,Jon Dadi Bodvarsson,FD,5/25/1992 0:00,24,Kaiserslautern,1219
160225,1210,16,Runar Mar Sigurjonsson,MF,6/18/1990 0:00,26,Sundsvall,1220
160222,1210,17,Aron Gunnarsson,MF,4/22/1989 0:00,27,Cardiff,1221
160211,1210,18,Elmar Bjarnason,DF,3/4/1987 0:00,29,AGF,1222
160215,1210,19,Hordur Magnusson,DF,2/11/1993 0:00,23,Cesena,1223
160223,1210,20,Emil Hallfredsson,MF,6/29/1984 0:00,31,Udinese,1224
160219,1210,21,Arnor Ingvi Traustason,DF,4/30/1993 0:00,23,Norrkoping,1225
160228,1210,22,Eidur Gudjohnsen,FD,9/15/1978 0:00,37,Molde,1226
160218,1210,23,Ari Skulason,DF,5/14/1987 0:00,29,OB,1227
160231,1211,1,Gianluigi Buffon,GK,1/28/1978 0:00,38,Juventus,1228
160238,1211,2,Mattia De Sciglio,DF,10/20/1992 0:00,23,Milan,1229
160236,1211,3,Giorgio Chiellini,DF,8/14/1984 0:00,31,Juventus,1201
160237,1211,4,Matteo Darmian,DF,12/2/1989 0:00,26,Man. United,1202
160239,1211,5,Angelo Ogbonna,DF,5/23/1988 0:00,28,West Ham,1203
160241,1211,6,Antonio Candreva,MF,2/28/1987 0:00,29,Lazio,1204
160253,1211,7,Simone Zaza,FD,6/25/1991 0:00,24,Juventus,1205
160243,1211,8,Alessandro Florenzi,MF,3/11/1991 0:00,25,Roma,1206
160252,1211,9,Graziano Pelle,FD,7/15/1985 0:00,30,Southampton,1207
160245,1211,10,Thiago Motta,MF,8/28/1982 0:00,33,Paris,1208
160250,1211,11,Ciro Immobile,FD,2/20/1990 0:00,26,Torino,1209
160233,1211,12,Salvatore Sirigu,GK,1/12/1987 0:00,29,Paris,1210
160232,1211,13,Federico Marchetti,GK,2/7/1983 0:00,33,Lazio,1211
160247,1211,14,Stefano Sturaro,MF,3/9/1993 0:00,23,Juventus,1212
160234,1211,15,Andrea Barzagli,DF,5/8/1981 0:00,35,Juventus,1213
160242,1211,16,Daniele De Rossi,MF,7/24/1983 0:00,32,Roma,1214
160248,1211,17,Eder,FD,11/15/1986 0:00,29,Internazionale,1215
160246,1211,18,Marco Parolo,MF,1/25/1985 0:00,31,Lazio,1216
160235,1211,19,Leonardo Bonucci,DF,5/1/1987 0:00,29,Juventus,1217
160251,1211,20,Lorenzo Insigne,FD,6/4/1991 0:00,25,Napoli,1218
160240,1211,21,Federico Bernardeschi,MF,2/16/1994 0:00,22,Fiorentina,1219
160249,1211,22,Stephan El Shaarawy,FD,10/27/1992 0:00,23,Roma,1220
160244,1211,23,Emanuele Giaccherini,MF,5/5/1985 0:00,31,Bologna,1221
160256,1212,1,Michael McGovern,GK,7/12/1984 0:00,31,Hamilton,1222
160264,1212,2,Conor McLaughlin,DF,7/26/1991 0:00,24,Fleetwood,1223
160269,1212,3,Shane Ferguson,MF,7/12/1991 0:00,24,Millwall,1224
160262,1212,4,Gareth McAuley,DF,12/5/1979 0:00,36,West Brom,1225
160259,1212,5,Jonny Evans,DF,1/3/1988 0:00,28,West Brom,1226
160257,1212,6,Chris Baird,DF,2/25/1982 0:00,34,Fulham,1227
160275,1212,7,Niall McGinn,FD,7/20/1987 0:00,28,Aberdeen,1228
160267,1212,8,Steven Davis,MF,1/1/1985 0:00,31,Southampton,1229
160273,1212,9,Will Grigg,FD,7/3/1991 0:00,24,Wigan,1201
160274,1212,10,Kyle Lafferty,FD,9/16/1987 0:00,28,Birmingham,1202
160276,1212,11,Conor Washington,FD,5/18/1992 0:00,24,QPR,1203
160254,1212,12,Roy Carroll,GK,9/30/1977 0:00,38,Notts County,1204
160268,1212,13,Corry Evans,MF,7/30/1990 0:00,25,Blackburn,1205
160266,1212,14,Stuart Dallas,MF,4/19/1991 0:00,25,Leeds,1206
160263,1212,15,Luke McCullough,DF,2/15/1994 0:00,22,Doncaster,1207
160271,1212,16,Oliver Norwood,MF,4/12/1991 0:00,25,Reading,1208
160265,1212,17,Paddy McNair,DF,4/27/1995 0:00,21,Man. United,1209
160261,1212,18,Aaron Hughes,DF,11/8/1979 0:00,36,Melbourne City,1210
160272,1212,19,Jamie Ward,MF,5/12/1986 0:00,30,Nottm Forest,1211
160258,1212,20,Craig Cathcart,DF,2/6/1989 0:00,27,Watford,1212
160270,1212,21,Josh Magennis,MF,8/15/1990 0:00,25,Kilmarnock,1213
160260,1212,22,Lee Hodson,DF,10/2/1991 0:00,24,MK Dons,1214
160255,1212,23,Alan Mannus,GK,5/19/1982 0:00,34,St Johnstone,1215
160279,1213,1,Wojciech Szczesny,GK,4/18/1990 0:00,26,Roma,1216
160283,1213,2,Michal Pazdan,DF,9/21/1987 0:00,28,Legia,1217
160282,1213,3,Artur Jedrzejczyk,DF,11/4/1987 0:00,28,Legia,1218
160280,1213,4,Thiago Cionek,DF,4/21/1986 0:00,30,Palermo,1219
160293,1213,5,Krzysztof Maczynski,MF,5/23/1987 0:00,29,Wisla,1220
160289,1213,6,Tomasz Jodlowiec,MF,9/8/1985 0:00,30,Legia,1221
160298,1213,7,Arkadiusz Milik,FD,2/28/1994 0:00,22,Ajax,1222
160292,1213,8,Karol Linetty,MF,2/2/1995 0:00,21,Lech,1223
160297,1213,9,Robert Lewandowski,FD,8/21/1988 0:00,27,Bayern,1224
160291,1213,10,Grzegorz Krychowiak,MF,1/29/1990 0:00,26,Sevilla,1225
160288,1213,11,Kamil Grosicki,MF,6/8/1988 0:00,28,Rennes,1226
160277,1213,12,Artur Boruc,GK,2/20/1980 0:00,36,Bournemouth,1227
160299,1213,13,Mariusz Stepinski,FD,5/12/1995 0:00,21,Ruch,1228
160286,1213,14,Jakub Wawrzyniak,DF,7/7/1983 0:00,32,Lechia,1229
160281,1213,15,Kamil Glik,DF,2/3/1988 0:00,28,Torino,1201
160287,1213,16,Jakub Blaszczykowski,MF,12/14/1985 0:00,30,Fiorentina,1202
160294,1213,17,Slawomir Peszko,MF,2/19/1985 0:00,31,Lechia,1203
160285,1213,18,Bartosz Salamon,DF,5/1/1991 0:00,25,Cagliari,1204
160296,1213,19,Piotr Zielinski,MF,5/20/1994 0:00,22,Empoli,1205
160284,1213,20,Lukasz Piszczek,DF,6/3/1985 0:00,31,Dortmund,1206
160290,1213,21,Bartosz Kapustka,MF,12/23/1996 0:00,19,,1207
160278,1213,22,Lukasz Fabianski,GK,4/18/1985 0:00,31,Swansea,1208
160295,1213,23,Filip Starzynski,MF,5/27/1991 0:00,25,Zaglebie,1209
160302,1214,1,Rui Patricio,GK,2/15/1988 0:00,28,Sporting CP,1210
160303,1214,2,Bruno Alves,DF,11/27/1981 0:00,34,Fenerbahce,1211
160307,1214,3,Pepe,DF,2/26/1983 0:00,33,Real Madrid,1212
160306,1214,4,Jose Fonte,DF,12/22/1983 0:00,32,Southampton,1213
160308,1214,5,Raphael Guerreiro,DF,12/22/1993 0:00,22,Lorient,1214
160309,1214,6,Ricardo Carvalho,DF,5/18/1978 0:00,38,Monaco,1215
160322,1214,7,Cristiano Ronaldo,FD,2/5/1985 0:00,31,Real Madrid,1216
160314,1214,8,Joao Moutinho,MF,9/8/1986 0:00,29,Monaco,1217
160319,1214,9,Eder,FD,12/22/1987 0:00,28,LOSC,1218
160313,1214,10,Joao Mario,MF,1/19/1993 0:00,23,Sporting CP,1219
160317,1214,11,Vieirinha,MF,1/24/1986 0:00,30,Wolfsburg,1220
160301,1214,12,Anthony Lopes,GK,10/1/1990 0:00,25,Lyon,1221
160312,1214,13,Danilo,MF,9/9/1991 0:00,24,Porto,1222
160318,1214,14,William Carvalho,MF,4/7/1992 0:00,24,Sporting CP,1223
160311,1214,15,Andre Gomes,MF,7/30/1993 0:00,22,Valencia,1224
160316,1214,16,Renato Sanches,MF,8/18/1997 0:00,18,Benfica,1225
160320,1214,17,Nani,FD,11/17/1986 0:00,29,Fenerbahce,1226
160315,1214,18,Rafa Silva,MF,5/17/1993 0:00,23,Braga,1227
160305,1214,19,Eliseu,DF,10/1/1983 0:00,32,Benfica,1228
160321,1214,20,Ricardo Quaresma,FD,9/26/1983 0:00,32,Besiktas,1229
160304,1214,21,Cedric,DF,8/31/1991 0:00,24,Southampton,1201
160300,1214,22,Eduardo,GK,9/19/1982 0:00,33,Dinamo Zagreb,1202
160310,1214,23,Adrien Silva,MF,3/15/1989 0:00,27,Sporting CP,1203
160325,1215,1,Keiren Westwood,GK,10/23/1984 0:00,31,Sheff. Wednesday,1204
160328,1215,2,Seamus Coleman,DF,10/11/1988 0:00,27,Everton,1205
160327,1215,3,Ciaran Clark,DF,9/26/1989 0:00,26,Aston Villa,1206
160331,1215,4,John OShea,DF,4/30/1981 0:00,35,Sunderland,1207
160330,1215,5,Richard Keogh,DF,8/11/1986 0:00,29,Derby,1208
160341,1215,6,Glenn Whelan,MF,1/13/1984 0:00,32,Stoke,1209
160338,1215,7,Aiden McGeady,MF,4/4/1986 0:00,30,Sheff. Wednesday,1210
160336,1215,8,James McCarthy,MF,11/12/1990 0:00,25,Everton,1211
160343,1215,9,Shane Long,FD,1/22/1987 0:00,29,Southampton,1212
160342,1215,10,Robbie Keane,FD,7/8/1980 0:00,35,LA Galaxy,1213
160337,1215,11,James McClean,MF,4/22/1989 0:00,27,West Brom,1214
160329,1215,12,Shane Duffy,DF,1/1/1992 0:00,24,Blackburn,1215
160334,1215,13,Jeff Hendrick,MF,1/31/1992 0:00,24,Derby,1216
160345,1215,14,Jon Walters,FD,9/20/1983 0:00,32,Stoke,1217
160326,1215,15,Cyrus Christie,DF,9/30/1992 0:00,23,Derby,1218
160323,1215,16,Shay Given,GK,4/20/1976 0:00,40,Stoke,1219
160332,1215,17,Stephen Ward,DF,8/20/1985 0:00,30,Burnley,1220
160339,1215,18,David Meyler,MF,5/29/1989 0:00,27,Hull,1221
160333,1215,19,Robbie Brady,MF,1/14/1992 0:00,24,Norwich,1222
160335,1215,20,Wes Hoolahan,MF,5/20/1982 0:00,34,Norwich,1223
160344,1215,21,Daryl Murphy,FD,3/15/1983 0:00,33,Ipswich,1224
160340,1215,22,Stephen Quinn,MF,4/1/1986 0:00,30,Reading,1225
160324,1215,23,Darren Randolph,GK,5/12/1987 0:00,29,West Ham,1226
160347,1216,1,Costel Pantilimon,GK,2/1/1987 0:00,29,Watford,1227
160353,1216,2,Alexandru Matel,DF,10/17/1989 0:00,26,Dinamo Zagreb,1228
160355,1216,3,Razvan Rat,DF,5/26/1981 0:00,35,Rayo Vallecano,1229
160354,1216,4,Cosmin Moti,DF,12/3/1984 0:00,31,Ludogorets,1201
160358,1216,5,Ovidiu Hoban,MF,12/27/1982 0:00,33,H. Beer-Sheva,1202
160349,1216,6,Vlad Chiriches,DF,11/14/1989 0:00,26,Napoli,1203
160357,1216,7,Alexandru Chipciu,MF,5/18/1989 0:00,27,Steaua,1204
160359,1216,8,Mihai Pintilii,MF,11/9/1984 0:00,31,Steaua,1205
160365,1216,9,Denis Alibec,FD,1/5/1991 0:00,25,Astra,1206
160363,1216,10,Nicolae Stanciu,MF,5/7/1993 0:00,23,Steaua,1207
160364,1216,11,Gabriel Torje,MF,11/22/1989 0:00,26,Osmanlispor,1208
160348,1216,12,Ciprian Tatarusanu,GK,2/9/1986 0:00,30,Fiorentina,1209
160367,1216,13,Claudiu Keeru,FD,12/2/1986 0:00,29,Ludogorets,1210
160366,1216,14,Florin Andone,FD,4/11/1993 0:00,23,Cordoba,1211
160351,1216,15,Valerica Gaman,DF,2/25/1989 0:00,27,Astra,1212
160350,1216,16,Steliano Filip,DF,5/15/1994 0:00,22,Dinamo Bucuresti,1213
160362,1216,17,Lucian Sanmartean,MF,3/13/1980 0:00,36,Al-Ittihad,1214
160361,1216,18,Andrei Prepelita,MF,12/8/1985 0:00,30,Ludogorets,1215
160368,1216,19,Bogdan Stancu,FD,6/28/1987 0:00,28,Genclerbirligi,1216
160360,1216,20,Adrian Popa,MF,7/24/1988 0:00,27,Steaua,1217
160352,1216,21,Dragos Grigore,DF,9/7/1986 0:00,29,Al-Sailiya,1218
160356,1216,22,Cristian Sapunaru,DF,4/5/1984 0:00,32,Pandurii,1219
160346,1216,23,Silviu Lung,GK,6/4/1989 0:00,27,Astra,1220
160369,1217,1,Igor Akinfeev,GK,4/8/1986 0:00,30,CSKA Moskva,1221
160378,1217,2,Roman Shishkin,DF,1/27/1987 0:00,29,Lokomotiv Moskva,1222
160379,1217,3,Igor Smolnikov,DF,8/8/1988 0:00,27,Zenit,1223
160374,1217,4,Sergei Ignashevich,DF,7/14/1979 0:00,36,CSKA Moskva,1224
160376,1217,5,Roman Neustadter,DF,2/18/1988 0:00,28,Schalke,1225
160372,1217,6,Aleksei Berezutski,DF,6/20/1982 0:00,33,CSKA Moskva,1226
160388,1217,7,Artur Yusupov,MF,9/1/1989 0:00,26,Zenit,1227
160380,1217,8,Denis Glushakov,MF,1/27/1987 0:00,29,Spartak Moskva,1228
160390,1217,9,Aleksandr Kokorin,FD,3/19/1991 0:00,25,Zenit,1229
160391,1217,10,Fedor Smolov,FD,2/9/1990 0:00,26,Krasnodar,1201
160383,1217,11,Pavel Mamaev,MF,9/17/1988 0:00,27,Krasnodar,1202
160371,1217,12,Yuri Lodygin,GK,5/26/1990 0:00,26,Zenit,1203
160381,1217,13,Aleksandr Golovin,MF,5/30/1996 0:00,20,CSKA Moskva,1204
160373,1217,14,Vasili Berezutski,DF,6/20/1982 0:00,33,CSKA Moskva,1205
160386,1217,15,Roman Shirokov,MF,7/6/1981 0:00,34,CSKA Moskva,1206
160370,1217,16,Guilherme,GK,12/12/1985 0:00,30,Lokomotiv Moskva,1207
160385,1217,17,Oleg Shatov,MF,7/29/1990 0:00,25,Zenit,1208
160382,1217,18,Oleg Ivanov,MF,8/4/1986 0:00,29,Terek,1209
160384,1217,19,Aleksandr Samedov,MF,7/19/1984 0:00,31,Lokomotiv Moskva,1210
160387,1217,20,Dmitri Torbinski,MF,4/28/1984 0:00,32,Krasnodar,1211
160377,1217,21,Georgi Schennikov,DF,4/27/1991 0:00,25,CSKA Moskva,1212
160389,1217,22,Artem Dzyuba,FD,8/22/1988 0:00,27,Zenit,1213
160375,1217,23,Dmitri Kombarov,DF,1/22/1987 0:00,29,Spartak Moskva,1214
160393,1218,1,Jan Mucha,GK,12/5/1982 0:00,33,Slovan Bratislava,1215
160398,1218,2,Peter Pekarik,DF,10/30/1986 0:00,29,Hertha,1216
160401,1218,3,Martin Skrtel,DF,12/15/1984 0:00,31,Liverpool,1217
160395,1218,4,Jan Durica,DF,12/10/1981 0:00,34,Lokomotiv Moskva,1218
160396,1218,5,Norbert Gyomber,DF,7/3/1992 0:00,23,Roma,1219
160404,1218,6,Jan Gregus,MF,1/29/1991 0:00,25,Jablonec,1220
160411,1218,7,Vladimir Weiss,MF,11/30/1989 0:00,26,Al-Gharafa,1221
160403,1218,8,Ondrej Duda,MF,12/5/1994 0:00,21,Legia,1222
160414,1218,9,Stanislav Sestak,FD,12/16/1982 0:00,33,Ferencvaros,1223
160410,1218,10,Miroslav Stoch,MF,10/19/1989 0:00,26,Bursaspor,1224
160413,1218,11,Adam Nemec,FD,9/2/1985 0:00,30,Willem II,1225
160394,1218,12,Jan Novota,GK,11/29/1983 0:00,32,Rapid Wien,1226
160406,1218,13,Patrik HroSovsky,MF,4/22/1992 0:00,24,Plzen,1227
160400,1218,14,Milan Skriniar,DF,2/11/1995 0:00,21,Sampdoria,1228
160397,1218,15,TomasHubocan,DF,9/17/1985 0:00,30,Dinamo Moskva,1229
160399,1218,16,Kornel Salata,DF,1/24/1985 0:00,31,Slovan Bratislava,1201
160405,1218,17,Marek Hamsik,MF,7/27/1987 0:00,28,Napoli,1202
160402,1218,18,Dusan Svento,DF,8/1/1985 0:00,30,Koln,1203
160407,1218,19,Juraj Kucka,MF,2/26/1987 0:00,29,Milan,1204
160408,1218,20,Robert Mak,MF,3/8/1991 0:00,25,PAOK,1205
160412,1218,21,Michal Duris,FD,6/1/1988 0:00,28,Plzen,1206
160409,1218,22,Viktor Pecovsky,MF,5/24/1983 0:00,33,zilina,1207
160392,1218,23,MatusKozacik,GK,12/27/1983 0:00,32,Plzen,1208
160415,1219,1,Lker Casillas,GK,5/20/1981 0:00,35,Porto,1209
160418,1219,2,Cesar Azpilicueta,DF,8/28/1989 0:00,26,Chelsea,1210
160423,1219,3,Gerard Pique,DF,2/2/1987 0:00,29,Barcelona,1211
160419,1219,4,Marc Bartra,DF,1/15/1991 0:00,25,Barcelona,1212
160427,1219,5,Sergio Busquets,MF,7/16/1988 0:00,27,Barcelona,1213
160429,1219,6,Andres Iniesta,MF,5/11/1984 0:00,32,Barcelona,1214
160435,1219,7,Alvaro Morata,FD,10/23/1992 0:00,23,Juventus,1215
160430,1219,8,Koke,MF,1/8/1992 0:00,24,Atletico,1216
160434,1219,9,Lucas Vazquez,FD,7/1/1991 0:00,24,Real Madrid,1217
160428,1219,10,Cesc Fabregas,MF,5/4/1987 0:00,29,Chelsea,1218
160437,1219,11,Pedro Rodriguez,FD,7/28/1987 0:00,28,Chelsea,1219
160420,1219,12,Hector Bellerin,DF,3/19/1995 0:00,21,Arsenal,1220
160416,1219,13,David de Gea,GK,11/7/1990 0:00,25,Man. United,1221
160432,1219,14,Thiago Alcantara,MF,4/11/1991 0:00,25,Bayern,1222
160424,1219,15,Sergio Ramos,DF,3/30/1986 0:00,30,Real Madrid,1223
160422,1219,16,Juanfran,DF,1/9/1985 0:00,31,Atletico,1224
160425,1219,17,Mikel San Jose,DF,5/30/1989 0:00,27,Athletic,1225
160421,1219,18,Jordi Alba,DF,3/21/1989 0:00,27,Barcelona,1226
160426,1219,19,Bruno Soriano,MF,6/12/1984 0:00,32,Villarreal,1227
160433,1219,20,Aritz Aduriz,FD,2/11/1981 0:00,35,Athletic,1228
160431,1219,21,David Silva,MF,1/8/1986 0:00,30,Man. City,1229
160436,1219,22,Nolito,FD,10/15/1986 0:00,29,Celta,1201
160417,1219,23,Sergio Rico,GK,9/1/1993 0:00,22,Sevilla,1202
160439,1220,1,Andreas Isaksson,GK,10/3/1981 0:00,34,Kasimpasa,1203
160446,1220,2,Mikael Lustig,DF,12/13/1986 0:00,29,Celtic,1204
160444,1220,3,Erik Johansson,DF,12/30/1988 0:00,27,Kobenhavn,1205
160442,1220,4,Andreas Granqvist,DF,4/16/1985 0:00,31,Krasnodar,1206
160447,1220,5,Martin Olsson,DF,5/17/1988 0:00,28,Norwich,1207
160451,1220,6,Emil Forsberg,MF,10/23/1991 0:00,24,Leipzig,1208
160454,1220,7,Sebastian Larsson,MF,6/6/1985 0:00,31,Sunderland,1209
160449,1220,8,Albin Ekdal,MF,7/28/1989 0:00,26,Hamburg,1210
160453,1220,9,Kim Kallstrom,MF,8/24/1982 0:00,33,Grasshoppers,1211
160459,1220,10,Zlatan Ibrahimovic,FD,10/3/1981 0:00,34,Paris,1212
160457,1220,11,Marcus Berg,FD,8/17/1986 0:00,29,Panathinaikos,1213
160440,1220,12,Robin Olsen,GK,1/8/1990 0:00,26,Kobenhavn,1214
160443,1220,13,Pontus Jansson,DF,2/13/1991 0:00,25,Torino,1215
160445,1220,14,Victor Lindelof,DF,7/17/1994 0:00,21,Benfica,1216
160452,1220,15,Oscar Hiljemark,MF,6/28/1992 0:00,23,Palermo,1217
160456,1220,16,Pontus Wernbloom,MF,6/25/1986 0:00,29,CSKA Moskva,1218
160441,1220,17,Ludwig Augustinsson,DF,4/21/1994 0:00,22,Kobenhavn,1219
160455,1220,18,Oscar Lewicki,MF,7/14/1992 0:00,23,Malmo,1220
160460,1220,19,Emir Kujovic,FD,6/22/1988 0:00,27,Norrkoping,1221
160458,1220,20,John Guidetti,FD,4/15/1992 0:00,24,Celta,1222
160448,1220,21,Jimmy Durmaz,MF,3/22/1989 0:00,27,Olympiacos,1223
160450,1220,22,Erkan Zengin,MF,8/5/1985 0:00,30,Trabzonspor,1224
160438,1220,23,Patrik Carlgren,GK,1/8/1992 0:00,24,AIK,1225
160463,1221,1,Yann Sommer,GK,12/17/1988 0:00,27,Monchengladbach,1226
160467,1221,2,Stephan Lichtsteiner,DF,1/16/1984 0:00,32,Juventus,1227
160468,1221,3,Francois Moubandje,DF,6/21/1990 0:00,25,Toulouse,1228
160465,1221,4,Nico Elvedi,DF,9/30/1996 0:00,19,Monchengladbach,1229
160471,1221,5,Steve von Bergen,DF,6/10/1983 0:00,33,Young Boys,1201
160466,1221,6,Michael Lang,DF,2/8/1991 0:00,25,Basel,1202
160480,1221,7,Breel Embolo,FD,2/14/1997 0:00,19,Basel,1203
160475,1221,8,Fabian Frei,MF,1/8/1989 0:00,27,Mainz,1204
160482,1221,9,Haris Seferovic,FD,2/22/1992 0:00,24,Frankfurt,1205
160477,1221,10,Granit Xhaka,MF,9/27/1992 0:00,23,Monchengladbach,1206
160472,1221,11,Valon Behrami,MF,4/19/1985 0:00,31,Watford,1207
160462,1221,12,Marwin Hitz,GK,9/18/1987 0:00,28,Augsburg,1208
160469,1221,13,Ricardo Rodriguez,DF,8/25/1992 0:00,23,Wolfsburg,1209
160478,1221,14,Denis Zakaria,MF,11/20/1996 0:00,19,Young Boys,1210
160473,1221,15,Blerim Dzemaili,MF,4/12/1986 0:00,30,Genoa,1211
160474,1221,16,Gelson Fernandes,MF,9/2/1986 0:00,29,Rennes,1212
160483,1221,17,Shani Tarashaj,FD,2/7/1995 0:00,21,Grasshoppers,1213
160481,1221,18,Admir Mehmedi,FD,3/16/1991 0:00,25,Leverkusen,1214
160479,1221,19,Eren Derdiyok,FD,6/12/1988 0:00,28,Kasimpasa,1215
160464,1221,20,Johan Djourou,DF,1/18/1987 0:00,29,Hamburg,1216
160461,1221,21,Roman Burki,GK,11/14/1990 0:00,25,Dortmund,1217
160470,1221,22,Fabian Schar,DF,12/20/1991 0:00,24,Hoffenheim,1218
160476,1221,23,Xherdan Shaqiri,MF,10/10/1991 0:00,24,Stoke,1219
160486,1222,1,Volkan Babacan,GK,8/11/1988 0:00,27,Istanbul Basaksehir,1220
160492,1222,2,Semih Kaya,DF,2/24/1991 0:00,25,Galatasaray,1221
160490,1222,3,Hakan Balta,DF,3/23/1983 0:00,33,Galatasaray,1222
160487,1222,4,Ahmet Calik,DF,2/26/1994 0:00,22,Genclerbirligi,1223
160497,1222,5,Nuri Sahin,MF,9/5/1988 0:00,27,Dortmund,1224
160495,1222,6,Hakan Calhanoglu,MF,2/8/1994 0:00,22,Leverkusen,1225
160489,1222,7,Gokhan Gonul,DF,1/4/1985 0:00,31,Fenerbahce,1226
160501,1222,8,Selcuk Inan,MF,2/10/1985 0:00,31,Galatasaray,1227
160505,1222,9,Cenk Tosun,FD,6/7/1991 0:00,25,Besiktas,1228
160494,1222,10,Arda Turan,MF,1/30/1987 0:00,29,Barcelona,1229
160499,1222,11,Olcay Sahan,MF,5/26/1987 0:00,29,Besiktas,1201
160485,1222,12,Onur Kivrak,GK,1/1/1988 0:00,28,Trabzonspor,1202
160491,1222,13,Ismail Koybasi,DF,7/10/1989 0:00,26,Besiktas,1203
160498,1222,14,Oguzhan Ozyakup,MF,9/23/1992 0:00,23,Besiktas,1204
160496,1222,15,Mehmet Topal,MF,3/3/1986 0:00,30,Fenerbahce,1205
160500,1222,16,Ozan Tufan,MF,3/23/1995 0:00,21,Fenerbahce,1206
160504,1222,17,Burak Yilmaz,FD,7/15/1985 0:00,30,Beijing Guoan,1207
160488,1222,18,Caner Erkin,DF,10/4/1988 0:00,27,Fenerbahce,1208
160503,1222,19,Yunus Malli,MF,2/24/1992 0:00,24,Mainz,1209
160502,1222,20,Volkan Sen,MF,7/7/1987 0:00,28,Fenerbahce,1210
160506,1222,21,Emre Mor,FD,7/24/1997 0:00,18,Nordsj√¶lland,1211
160493,1222,22,Sener Ozbayrakli,DF,1/23/1990 0:00,26,Fenerbahce,1212
160484,1222,23,Harun Tekin,GK,6/17/1989 0:00,27,Bursaspor,1213
160507,1223,1,Denys Boyko,GK,1/29/1988 0:00,28,Besiktas,1214
160510,1223,2,Bohdan Butko,DF,1/13/1991 0:00,25,Amkar,1215
160512,1223,3,Yevhen Khacheridi,DF,7/28/1987 0:00,28,Dynamo Kyiv,1216
160524,1223,4,Anatoliy Tymoshchuk,MF,3/30/1979 0:00,37,Kairat,1217
160513,1223,5,Olexandr Kucher,DF,10/22/1982 0:00,33,Shakhtar Donetsk,1218
160522,1223,6,Taras Stepanenko,MF,8/8/1989 0:00,26,Shakhtar Donetsk,1219
160525,1223,7,Andriy Yarmolenko,MF,10/23/1989 0:00,26,Dynamo Kyiv,1220
160529,1223,8,Roman Zozulya,FD,11/17/1989 0:00,26,Dnipro,1221
160519,1223,9,Viktor Kovalenko,MF,2/14/1996 0:00,20,Shakhtar Donetsk,1222
160518,1223,10,Yevhen Konoplyanka,MF,9/29/1989 0:00,26,Sevilla,1223
160528,1223,11,Yevhen Seleznyov,FD,7/20/1985 0:00,30,Shakhtar Donetsk,1224
160508,1223,12,Andriy Pyatov,GK,6/28/1984 0:00,31,Shakhtar Donetsk,1225
160515,1223,13,Vyacheslav Shevchuk,DF,5/13/1979 0:00,37,Shakhtar Donetsk,1226
160520,1223,14,Ruslan Rotan,MF,10/29/1981 0:00,34,Dnipro,1227
160527,1223,15,Pylyp Budkivskiy,FD,3/10/1992 0:00,24,Zorya,1228
160523,1223,16,Serhiy Sydorchuk,MF,5/2/1991 0:00,25,Dynamo Kyiv,1229
160511,1223,17,Artem Fedetskiy,DF,4/26/1985 0:00,31,Dnipro,1201
160521,1223,18,Serhiy Rybalka,MF,4/1/1990 0:00,26,Dynamo Kyiv,1202
160516,1223,19,Denys Garmash,MF,4/19/1990 0:00,26,Dynamo Kyiv,1203
160514,1223,20,Yaroslav Rakitskiy,DF,8/3/1989 0:00,26,Shakhtar Donetsk,1204
160526,1223,21,Olexandr Zinchenko,MF,12/15/1996 0:00,19,Ufa,1205
160517,1223,22,Olexandr Karavaev,MF,6/2/1992 0:00,24,Zorya,1206
160509,1223,23,Mykyta Shevchenko,GK,1/26/1993 0:00,23,Zorya,1207
160531,1224,1,Wayne Hennessey,GK,1/24/1987 0:00,29,Crystal Palace,1208
160536,1224,2,Chris Gunter,DF,7/21/1989 0:00,26,Reading,1209
160538,1224,3,Neil Taylor,DF,2/7/1989 0:00,27,Swansea,1210
160535,1224,4,Ben Davies,DF,4/24/1993 0:00,23,Tottenham,1211
160533,1224,5,James Chester,DF,1/23/1989 0:00,27,West Brom,1212
160539,1224,6,Ashley Williams,DF,8/23/1984 0:00,31,Swansea,1213
160540,1224,7,Joe Allen,MF,3/14/1990 0:00,26,Liverpool,1214
160542,1224,8,Andy King,MF,10/29/1988 0:00,27,Leicester,1215
160550,1224,9,Hal Robson-Kanu,FD,5/21/1989 0:00,27,Reading,1216
160544,1224,10,Aaron Ramsey,MF,12/26/1990 0:00,25,Arsenal,1217
160547,1224,11,Gareth Bale,FD,7/16/1989 0:00,26,Real Madrid,1218
160530,1224,12,Owain Fon Williams,GK,3/17/1987 0:00,29,Inverness,1219
160552,1224,13,George Williams,FD,9/7/1995 0:00,20,Fulham,1220
160541,1224,14,David Edwards,MF,2/3/1986 0:00,30,Wolves,1221
160537,1224,15,Jazz Richards,DF,4/12/1991 0:00,25,Fulham,1222
160543,1224,16,Joe Ledley,MF,1/23/1987 0:00,29,Crystal Palace,1223
160549,1224,17,David Cotterill,FD,12/4/1987 0:00,28,Birmingham,1224
160551,1224,18,Sam Vokes,FD,10/21/1989 0:00,26,Burnley,1225
160534,1224,19,James Collins,DF,8/23/1983 0:00,32,West Ham,1226
160546,1224,20,Jonathan Williams,MF,10/9/1993 0:00,22,Crystal Palace,1227
160532,1224,21,Danny Ward,GK,6/22/1993 0:00,22,Liverpool,1228
160545,1224,22,David Vaughan,MF,2/18/1983 0:00,33,Nottm Forest,1229
160548,1224,23,Simon Church,FD,12/10/1988 0:00,27,MK Dons,1228
