player_id,team_id,jersey_no,player_name,posi_to_play,dir_of_bir,age,playing_club,match_no,team_id,player_id,in_out,time_in_out,play_schedule,play_half
160001,1201,1,Etrit Berisha,GK,3/10/1989,27,Lazio,1,1207,160151,I,66,NT,2
160008,1201,2,Andi Lila,DF,2/12/1986,30,Giannina,1,1207,160160,O,66,NT,2
160016,1201,3,Ermir Lenjani,MF,8/5/1989,26,Nantes,1,1207,160161,I,77,NT,2
160007,1201,4,Elseid Hysaj,DF,2/20/1994,22,Napoli,1,1207,160161,O,77,NT,2
160013,1201,5,Lorik Cana,MF,7/27/1983,32,Nantes,1,1207,160157,I,2,ST,2
160010,1201,6,Frederic Veseli,DF,11/20/1992,23,Lugano,1,1207,160154,O,2,ST,2
160004,1201,7,Ansi Agolli,DF,10/11/1982,33,Qarabag,1,1216,160365,I,61,NT,2
160012,1201,8,Migjen Basha,MF,1/5/1987,29,Como,1,1216,160366,O,61,NT,2
160017,1201,9,Ledian Memushaj,MF,12/17/1986,29,Pescara,1,1216,160357,I,72,NT,2
160023,1201,10,Armando Sadiku,FD,5/27/1991,25,Vaduz,1,1216,160363,O,72,NT,2
160022,1201,11,Shkelzen Gashi,FD,7/15/1988,27,Colorado,1,1216,160364,I,82,NT,2
160003,1201,12,Orges Shehi,GK,9/25/1977,38,Skenderbeu,1,1216,160360,O,82,NT,2
160015,1201,13,Burim Kukeli,MF,1/16/1984,32,Zurich,1,1216,,O,,NT,
160019,1201,14,Taulant Xhaka,MF,3/28/1991,25,Basel,2,1201,160014,I,62,NT,2
160009,1201,15,Mergim Mavraj,DF,6/9/1986,30,Koln,2,1201,160019,O,62,NT,2
160021,1201,16,Sokol Cikalleshi,FD,7/27/1990,25,Istanbul Basaksehir,2,1201,160021,I,74,NT,2
160006,1201,17,Naser Aliji,DF,12/27/1993,22,Basel,2,1201,160018,O,74,NT,2
160005,1201,18,Arlind Ajeti,DF,9/25/1993,22,Frosinone,2,1201,160022,I,82,NT,2
160020,1201,19,Bekim Balaj,FD,1/11/1991,25,Rijeka,2,1201,160023,O,82,NT,2
160014,1201,20,Ergys Kace,MF,7/8/1993,22,PAOK,2,1221,160480,I,62,NT,2
160018,1201,21,Odise Roshi,MF,5/22/1991,25,Rijeka,2,1221,160481,O,62,NT,2
160011,1201,22,Amir Abrashi,MF,3/27/1990,26,Freiburg,2,1221,160475,I,76,NT,2
160002,1201,23,Alban Hoxha,GK,11/23/1987,28,Partizani,2,1221,160473,O,76,NT,2
160024,1202,1,Robert Almer,GK,3/20/1984,32,Austria Wien,2,1221,160474,I,88,NT,2
160036,1202,2,Gyorgy Garics,MF,3/8/1984,32,Darmstadt,2,1221,160476,O,88,NT,2
160027,1202,3,Aleksandar Dragovic,DF,3/6/1991,25,Dynamo Kyiv,3,1218,160413,I,59,NT,2
160029,1202,4,Martin Hinteregger,DF,9/7/1992,23,Monchengladbach,3,1218,160412,O,59,NT,2
160028,1202,5,Christian Fuchs,DF,4/7/1986,30,Leicester,3,1218,160403,I,60,NT,2
160038,1202,6,Stefan Ilsanker,MF,5/18/1989,27,Leipzig,3,1218,160406,O,60,NT,2
160043,1202,7,Marko Arnautovic,FD,4/19/1989,27,Stoke,3,1218,160410,I,83,NT,2
160034,1202,8,David Alaba,MF,6/24/1992,23,Bayern,3,1218,160411,O,83,NT,2
160046,1202,9,Rubin Okotie,FD,6/6/1987,29,1860 Munchen,3,1224,160543,I,69,NT,2
160040,1202,10,Zlatko Junuzovic,MF,9/26/1987,28,Bremen,3,1224,160541,O,69,NT,2
160037,1202,11,Martin Harnik,MF,6/10/1987,29,Stuttgart,3,1224,160550,I,71,NT,2
160025,1202,12,Heinz Lindner,GK,7/17/1990,25,Frankfurt,3,1224,160546,O,71,NT,2
160032,1202,13,Markus Suttner,DF,4/16/1987,29,Ingolstadt,3,1224,160537,I,88,NT,2
160035,1202,14,Julian Baumgartlinger,MF,1/2/1988,28,Mainz,3,1224,160544,O,88,NT,2
160031,1202,15,Sebastian Prodl,DF,6/21/1987,28,Watford,4,1206,160133,I,78,NT,2
160033,1202,16,Kevin Wimmer,DF,11/15/1992,23,Tottenham,4,1206,160136,O,78,NT,2
160030,1202,17,Florian Klein,DF,11/17/1986,29,Stuttgart,4,1206,160131,I,87,NT,2
160042,1202,18,Alessandro Schopf,MF,2/7/1994,22,Schalke,4,1206,160132,O,87,NT,2
160044,1202,19,Lukas Hinterseer,FD,3/28/1991,25,Ingolstadt,4,1217,160386,I,77,NT,2
160041,1202,20,Marcel Sabitzer,MF,3/17/1994,22,Leipzig,4,1217,160381,O,77,NT,2
160045,1202,21,Marc Janko,FD,6/25/1983,32,Basel,4,1217,160380,I,80,NT,2
160039,1202,22,Jakob Jantscher,MF,1/8/1989,27,Luzern,4,1217,160376,O,80,NT,2
160026,1202,23,Ramazan Ozcan,GK,6/28/1984,31,Ingolstadt,4,1217,160383,I,85,NT,2
160047,1203,1,Thibaut Courtois,GK,5/11/1992,24,Chelsea,4,1217,160391,O,85,NT,2
160050,1203,2,Toby Alderweireld,DF,3/2/1989,27,Tottenham,5,1204,160090,I,87,NT,2
160056,1203,3,Thomas Vermaelen,DF,11/14/1985,30,Barcelona,5,1204,160085,O,87,NT,2
160063,1203,4,Radja Nainggolan,MF,5/4/1988,28,Roma,5,1204,160075,I,90,NT,2
160057,1203,5,Jan Vertonghen,DF,4/24/1987,29,Tottenham,5,1204,160086,O,90,NT,2
160064,1203,6,Axel Witsel,MF,1/12/1989,27,Zenit,5,1204,160092,I,3,ST,2
160059,1203,7,Kevin De Bruyne,MF,6/28/1991,24,Man. City,5,1204,160091,O,3,ST,2
160061,1203,8,Marouane Fellaini,MF,11/22/1987,28,Man. United,5,1222,160502,I,46,NT,2
160067,1203,9,Romelu Lukaku,FD,5/13/1993,23,Everton,5,1222,160498,O,46,NT,2
160062,1203,10,Eden Hazard,MF,1/7/1991,25,Chelsea,5,1222,160504,I,65,NT,2
160058,1203,11,Yannick Carrasco,MF,9/4/1993,22,Atletico,5,1222,160494,O,65,NT,2
160049,1203,12,Simon Mignolet,GK,8/6/1988,27,Liverpool,5,1222,160506,I,69,NT,2
160048,1203,13,Jean-Francois Gillet,GK,5/31/1979,37,Mechelen,5,1222,160505,O,69,NT,2
160068,1203,14,Dries Mertens,FD,5/6/1987,29,Napoli,6,1212,160266,I,46,NT,2
160052,1203,15,Jason Denayer,DF,6/28/1995,20,Galatasaray,6,1212,160265,O,46,NT,2
160055,1203,16,Thomas Meunier,DF,9/12/1991,24,Club Brugge,6,1212,160276,I,66,NT,2
160069,1203,17,Divock Origi,FD,4/18/1995,21,Liverpool,6,1212,160269,O,66,NT,2
160053,1203,18,Christian Kabasele,DF,2/24/1991,25,Genk,6,1212,160272,I,76,NT,2
160060,1203,19,Mousa Dembele,MF,7/16/1987,28,Tottenham,6,1212,160257,O,76,NT,2
160066,1203,20,Christian Benteke,FD,12/3/1990,25,Liverpool,6,1213,160289,I,78,NT,2
160054,1203,21,Jordan Lukaku,DF,7/25/1994,21,Oostende,6,1213,160293,O,78,NT,2
160065,1203,22,Michy Batshuayi,FD,10/2/1993,22,Marseille,6,1213,160288,I,80,NT,2
160051,1203,23,Laurent Ciman,DF,8/5/1985,30,Montreal,6,1213,160287,O,80,NT,2
160072,1204,1,Ivan Vargic,GK,3/15/1987,29,Rijeka,6,1213,160294,I,88,NT,2
160079,1204,2,Sime Vrsaljko,DF,1/10/1992,24,Sassuolo,6,1213,160290,O,88,NT,2
160077,1204,3,Ivan Strinic,DF,7/17/1987,28,Napoli,7,1208,160179,I,78,NT,2
160085,1204,4,Ivan PeriSic,MF,2/2/1989,27,Internazionale,7,1208,160173,O,78,NT,2
160073,1204,5,Vedran Corluka,DF,2/5/1986,30,Lokomotiv Moskva,7,1208,160180,I,90,NT,2
160074,1204,6,Tin Jedvaj,DF,11/28/1995,20,Leverkusen,7,1208,160174,O,90,NT,2
160086,1204,7,Ivan Rakitic,MF,3/10/1988,28,Barcelona,7,1223,160528,I,66,NT,2
160083,1204,8,Mateo Kovacic,MF,5/6/1994,22,Real Madrid,7,1223,160529,O,66,NT,2
160090,1204,9,Andrej Kramaric,FD,6/19/1991,24,Hoffenheim,7,1223,160526,I,73,NT,2
160084,1204,10,Luka Modric,MF,9/9/1985,30,Real Madrid,7,1223,160519,O,73,NT,2
160076,1204,11,Darijo Srna,DF,5/1/1982,34,Shakhtar Donetsk,8,1205,160113,I,75,NT,2
160070,1204,12,Lovre Kalinic,GK,4/3/1990,26,Hajduk Split,8,1205,160114,O,75,NT,2
160075,1204,13,Gordon Schildenfeld,DF,3/18/1985,31,Dinamo Zagreb,8,1205,160112,I,86,NT,2
160081,1204,14,Marcelo Brozovic,MF,11/16/1992,23,Internazionale,8,1205,160096,O,86,NT,2
160087,1204,15,Marko Rog,MF,7/19/1995,20,Dinamo Zagreb,8,1205,160107,I,88,NT,2
160089,1204,16,Nikola Kalinic,FD,1/5/1988,28,Fiorentina,8,1205,160110,O,88,NT,2
160091,1204,17,Mario Mandzukic,FD,5/21/1986,30,Juventus,8,1219,160433,I,62,NT,2
160082,1204,18,Ante Coric,MF,4/14/1997,19,Dinamo Zagreb,8,1219,160435,O,62,NT,2
160080,1204,19,Milan Badelj,MF,2/25/1989,27,Fiorentina,8,1219,160432,I,70,NT,2
160092,1204,20,Marko Pjaca,FD,5/6/1995,21,Dinamo Zagreb,8,1219,160428,O,70,NT,2
160078,1204,21,Domagoj Vida,DF,4/29/1989,27,Dynamo Kyiv,8,1219,160437,I,82,NT,2
160088,1204,22,Duje Cop,FD,2/1/1990,26,Malaga,8,1219,160436,O,82,NT,2
160071,1204,23,Danijel SubaSic,GK,10/27/1984,31,Monaco,9,1215,160337,I,64,NT,2
160093,1205,1,Petr Cech,GK,5/20/1982,34,Arsenal,9,1215,160345,O,64,NT,2
160098,1205,2,Pavel Kaderabek,DF,4/25/1992,24,Hoffenheim,9,1215,160342,I,78,NT,2
160099,1205,3,Michal Kadlec,DF,12/13/1984,31,Fenerbahce,9,1215,160335,O,78,NT,2
160096,1205,4,Theodor Gebre Selassie,DF,12/24/1986,29,Bremen,9,1215,160338,I,85,NT,2
160097,1205,5,Roman Hubnik,DF,6/6/1984,32,Plzen,9,1215,160336,O,85,NT,2
160101,1205,6,TomasSivok,DF,9/15/1983,32,Bursaspor,9,,160336,O,,NT,2
160114,1205,7,TomasNecid,FD,8/13/1989,26,Bursaspor,9,1220,160444,I,45,NT,1
160100,1205,8,David Limbersky,DF,10/6/1983,32,Plzen,9,1220,160446,O,45,NT,1
160104,1205,9,Borek Dockal,MF,9/30/1988,27,Sparta Praha,9,1220,160458,I,59,NT,2
160110,1205,10,TomasRosicky,MF,10/4/1980,35,Arsenal,9,1220,160457,O,59,NT,2
160109,1205,11,Daniel Pudil,MF,9/27/1985,30,Sheff. Wednesday,9,1220,160449,I,86,NT,2
160115,1205,12,Milan Skoda,FD,1/16/1986,30,Slavia Praha,9,1220,160455,O,86,NT,2
160108,1205,13,Jaroslav PlaSil,MF,1/5/1982,34,Bordeaux,10,1203,160068,I,62,NT,2
160105,1205,14,Daniel Kolar,MF,10/27/1985,30,Plzen,10,1203,160063,O,62,NT,2
160107,1205,15,David Pavelka,MF,5/18/1991,25,Kasimpasa,10,1203,160069,I,73,NT,2
160095,1205,16,TomasVaclik,GK,3/29/1989,27,Basel,10,1203,160067,O,73,NT,2
160102,1205,17,Marek Suchy,DF,3/29/1988,28,Basel,10,1203,160058,I,76,NT,2
160112,1205,18,Josef Sural,MF,5/30/1990,26,Sparta Praha,10,1203,160051,O,76,NT,2
160106,1205,19,Ladislav Krejci,MF,7/5/1992,23,Sparta Praha,10,1211,160238,I,58,NT,2
160111,1205,20,Jiri Skalak,MF,3/12/1992,24,Brighton,10,1211,160237,O,58,NT,2
160113,1205,21,David Lafata,FD,9/18/1981,34,Sparta Praha,10,1211,160250,I,75,NT,2
160103,1205,22,Vladimir Darida,MF,8/8/1990,25,Hertha,10,1211,160248,O,75,NT,2
160094,1205,23,TomasKoubek,GK,8/26/1992,23,Liberec,10,1211,160245,I,78,NT,2
160117,1206,1,Joe Hart,GK,4/19/1987,29,Man. City,10,1211,160242,O,78,NT,2
160125,1206,2,Kyle Walker,DF,5/28/1990,26,Tottenham,11,1202,160041,I,59,NT,2
160122,1206,3,Danny Rose,DF,7/2/1990,25,Tottenham,11,1202,160040,O,59,NT,2
160131,1206,4,James Milner,MF,1/4/1986,30,Liverpool,11,1202,160046,I,65,NT,2
160120,1206,5,Gary Cahill,DF,12/19/1985,30,Chelsea,11,1202,160045,O,65,NT,2
160123,1206,6,Chris Smalling,DF,11/22/1989,26,Man. United,11,1202,160042,I,77,NT,2
160132,1206,7,Raheem Sterling,MF,12/8/1994,21,Man. City,11,1202,160037,O,77,NT,2
160130,1206,8,Adam Lallana,MF,5/10/1988,28,Liverpool,11,1209,160206,I,69,NT,2
160134,1206,9,Harry Kane,FD,7/28/1993,22,Tottenham,11,1209,160207,O,69,NT,2
160136,1206,10,Wayne Rooney,FD,10/24/1985,30,Man. United,11,1209,160200,I,79,NT,2
160138,1206,11,Jamie Vardy,FD,1/11/1987,29,Leicester,11,1209,160197,O,79,NT,2
160121,1206,12,Nathaniel Clyne,DF,4/5/1991,25,Liverpool,11,1209,160195,I,89,NT,2
160116,1206,13,Fraser Forster,GK,3/17/1988,28,Southampton,11,1209,160204,O,89,NT,2
160129,1206,14,Jordan Henderson,MF,6/17/1990,26,Liverpool,12,1210,160227,I,81,NT,2
160137,1206,15,Daniel Sturridge,FD,9/1/1989,26,Liverpool,12,1210,160230,O,81,NT,2
160124,1206,16,John Stones,DF,5/28/1994,22,Everton,12,1210,160211,I,90,NT,2
160128,1206,17,Eric Dier,MF,1/15/1994,22,Tottenham,12,1210,160229,O,90,NT,2
160133,1206,18,Jack Wilshere,MF,1/1/1992,24,Arsenal,12,1214,160316,I,71,NT,2
160127,1206,19,Ross Barkley,MF,12/5/1993,22,Everton,12,1214,160314,O,71,NT,2
160126,1206,20,Dele Alli,MF,4/11/1996,20,Tottenham,12,1214,160321,I,76,NT,2
160119,1206,21,Ryan Bertrand,DF,8/5/1989,26,Southampton,12,1214,160313,O,76,NT,2
160135,1206,22,Marcus Rashford,FD,10/31/1997,18,Man. United,12,1214,160319,I,84,NT,2
160118,1206,23,Tom Heaton,GK,4/15/1986,30,Burnley,12,1214,160311,O,84,NT,2
160140,1207,1,Hugo Lloris,GK,12/26/1986,29,Tottenham,13,1217,160380,I,46,NT,2
160144,1207,2,Christophe Jallet,DF,10/31/1983,32,Lyon,13,1217,160383,I,46,NT,2
160143,1207,3,Patrice Evra,DF,5/15/1981,35,Juventus,13,1217,160383,I,,,
160147,1207,4,Adil Rami,DF,12/27/1985,30,Sevilla,13,1217,160376,O,46,NT,2
160152,1207,5,NGolo Kante,MF,3/29/1991,25,Leicester,13,1217,160381,O,46,NT,2
160150,1207,6,Yohan Cabaye,MF,1/14/1986,30,Crystal Palace,13,1217,160386,I,75,NT,2
160160,1207,7,Antoine Griezmann,FD,3/21/1991,25,Atletico,13,1217,160390,O,75,NT,2
160154,1207,8,Dimitri Payet,MF,3/29/1987,29,West Ham,13,1218,160413,I,67,NT,2
160159,1207,9,Olivier Giroud,FD,9/30/1986,29,Arsenal,13,1218,160403,O,67,NT,2
160158,1207,10,Andre-Pierre Gignac,FD,12/5/1985,30,Tigres,13,1218,160402,I,72,NT,2
160161,1207,11,Anthony Martial,FD,12/5/1995,20,Man. United,13,1218,160411,O,72,NT,2
160156,1207,12,Morgan Schneiderlin,MF,11/8/1989,26,Man. United,13,1218,160412,I,80,NT,2
160146,1207,13,Eliaquim Mangala,DF,2/13/1991,25,Man. City,13,1218,160408,O,80,NT,2
160153,1207,14,Blaise Matuidi,MF,4/9/1987,29,Paris,14,1216,160358,I,46,NT,2
160155,1207,15,Paul Pogba,MF,3/15/1993,23,Juventus,14,1216,160359,O,46,NT,2
160141,1207,16,Steve Mandanda,GK,3/28/1985,31,Marseille,14,1216,160350,I,62,NT,2
160142,1207,17,Lucas Digne,DF,7/20/1993,22,Roma,14,1216,160355,O,62,NT,2
160157,1207,18,Moussa Sissoko,MF,8/16/1989,26,Newcastle,14,1216,160366,I,84,NT,2
160148,1207,19,Bacary Sagna,DF,2/14/1983,33,Man. City,14,1216,160368,O,84,NT,2
160151,1207,20,Kingsley Coman,MF,6/13/1996,20,Bayern,14,1221,160480,I,63,NT,2
160145,1207,21,Laurent Koscielny,DF,9/10/1985,30,Arsenal,14,1221,160482,O,63,NT,2
160149,1207,22,Samuel Umtiti,DF,11/14/1993,22,Lyon,14,1221,160466,I,83,NT,2
160139,1207,23,Benoit Costil,GK,7/3/1987,28,Rennes,14,1221,160473,O,83,NT,2
160163,1208,1,Manuel Neuer,GK,3/27/1986,30,Bayern,14,1221,160483,I,90,NT,2
160170,1208,2,Shkodran Mustafi,DF,4/17/1992,24,Valencia,14,1221,160476,O,90,NT,2
160166,1208,3,Jonas Hector,DF,5/27/1990,26,Koln,15,1201,160018,I,71,NT,2
160167,1208,4,Benedikt Howedes,DF,2/29/1988,28,Schalke,15,1201,160008,O,71,NT,2
160168,1208,5,Mats Hummels,DF,12/16/1988,27,Dortmund,15,1201,160019,I,74,NT,2
160175,1208,6,Sami Khedira,MF,4/4/1987,29,Juventus,15,1201,160015,O,74,NT,2
160180,1208,7,Bastian Schweinsteiger,MF,8/1/1984,31,Man. United,15,1201,160010,I,85,NT,2
160177,1208,8,Mesut ozil,MF,10/15/1988,27,Arsenal,15,1201,160005,O,85,NT,2
160179,1208,9,Andre Schurrle,MF,11/6/1990,25,Wolfsburg,15,1207,160155,I,46,NT,2
160184,1208,10,Lukas Podolski,FD,6/4/1985,31,Galatasaray,15,1207,160161,O,46,NT,2
160173,1208,11,Julian Draxler,MF,9/20/1993,22,Wolfsburg,15,1207,160160,I,68,NT,2
160162,1208,12,Bernd Leno,GK,3/4/1992,24,Leverkusen,15,1207,160151,O,68,NT,2
160183,1208,13,Thomas Muller,FD,9/13/1989,26,Bayern,15,1207,160158,I,77,NT,2
160172,1208,14,Emre Can,MF,1/12/1994,22,Liverpool,15,1207,160159,O,77,NT,2
160181,1208,15,Julian Weigl,MF,9/8/1995,20,Dortmund,16,1206,160138,I,46,NT,2
160171,1208,16,Jonathan Tah,DF,2/11/1996,20,Leverkusen,16,1206,160137,I,46,NT,2
160165,1208,17,Jerome Boateng,DF,9/3/1988,27,Bayern,16,1206,160134,O,46,NT,2
160176,1208,18,Toni Kroos,MF,1/4/1990,26,Real Madrid,16,1206,160132,O,46,NT,2
160174,1208,19,Mario Gotze,MF,6/3/1992,24,Bayern,16,1206,160135,I,73,NT,2
160178,1208,20,Leroy Sane,MF,1/11/1996,20,Schalke,16,1206,160130,O,73,NT,2
160169,1208,21,Joshua Kimmich,DF,2/8/1995,21,Bayern,16,1224,160541,I,67,NT,2
160164,1208,22,Marc-Andre ter Stegen,GK,4/30/1992,24,Barcelona,16,1224,160543,O,67,NT,2
160182,1208,23,Mario Gomez,FD,7/10/1985,30,Besiktas,16,1224,160546,I,72,NT,2
160187,1209,1,Gabor Kiraly,GK,4/1/1976,40,Haladas,16,1224,160550,O,72,NT,2
160194,1209,2,Adam Lang,DF,1/17/1993,23,Videoton,17,1212,160275,I,69,NT,2
160193,1209,3,Mihaly Korhut,DF,12/1/1988,27,Debrecen,17,1212,160272,O,69,NT,2
160192,1209,4,Tamas Kadar,DF,3/14/1990,26,Lech,17,1212,160270,I,84,NT,2
160189,1209,5,Attila Fiola,DF,2/17/1990,26,Puskas Akademia,17,1212,160276,O,84,NT,2
160196,1209,6,Akos Elek,MF,7/21/1988,27,Diosgyor,17,1212,160265,I,87,NT,2
160202,1209,7,Balazs Dzsudzsak,FD,12/23/1986,29,Bursaspor,17,1212,160268,O,87,NT,2
160199,1209,8,Adam Nagy,MF,6/17/1995,21,Ferencvaros,17,1223,160529,I,71,NT,2
160207,1209,9,Adam Szalai,FD,12/9/1987,28,Hannover,17,1223,160528,O,71,NT,2
160203,1209,10,Zoltan Gera,FD,4/22/1979,37,Ferencvaros,17,1223,160516,I,76,NT,2
160204,1209,11,Krisztian Nemeth,FD,1/5/1989,27,Al-Gharafa,17,1223,160523,O,76,NT,2
160185,1209,12,Denes Dibusz,GK,11/16/1990,25,Ferencvaros,17,1223,160526,I,83,NT,2
160201,1209,13,Daniel Bode,FD,10/24/1986,29,Ferencvaros,17,1223,160519,O,83,NT,2
160198,1209,14,Gergo Lovrencsics,MF,9/1/1988,27,Lech,18,1208,160179,I,66,NT,2
160197,1209,15,Laszlo Kleinheisler,MF,4/8/1994,22,Bremen,18,1208,160174,O,66,NT,2
160195,1209,16,adam Pinter,DF,6/12/1988,28,Ferencvaros,18,1208,160182,I,71,NT,2
160205,1209,17,Nemanja Nikolic,FD,12/31/1987,28,Legia,18,1208,160173,O,71,NT,2
160200,1209,18,Zoltan Stieber,MF,10/16/1988,27,Nurnberg,18,1213,160289,I,76,NT,2
160206,1209,19,Tamas Priskin,FD,9/27/1986,29,Slovan Bratislava,18,1213,160293,O,76,NT,2
160190,1209,20,Richard Guzmics,DF,4/16/1987,29,Wisla,18,1213,160290,I,80,NT,2
160188,1209,21,Barnabas Bese,DF,5/6/1994,22,MTK,18,1213,160287,O,80,NT,2
160186,1209,22,Peter Gulacsi,GK,5/6/1990,26,Leipzig,18,1213,160294,I,87,NT,2
160191,1209,23,Roland Juhasz,DF,7/1/1983,32,Videoton,18,1213,160288,O,87,NT,2
160208,1210,1,Hannes Halldorsson,GK,4/27/1984,32,Bodo/Glimt,19,1211,160253,I,60,NT,2
160216,1210,2,Birkir Saevarsson,DF,11/11/1984,31,Hammarby,19,1211,160252,O,60,NT,2
160212,1210,3,Haukur Heidar Hauksson,DF,9/1/1991,24,AIK,19,1211,160245,I,74,NT,2
160213,1210,4,Hjortur Hermannsson,DF,2/8/1995,21,Goteborg,19,1211,160242,O,74,NT,2
160214,1210,5,Sverrir Ingason,DF,8/5/1993,22,Lokeren,19,1211,160247,I,85,NT,2
160217,1210,6,Ragnar Sigurdsson,DF,6/19/1986,29,Krasnodar,19,1211,160243,O,85,NT,2
160229,1210,7,Johann Gudmundsson,FD,10/27/1990,25,Charlton,19,1220,160455,I,79,NT,2
160221,1210,8,Birkir Bjarnason,MF,5/27/1988,28,Basel,19,1220,160448,I,79,NT,2
160230,1210,9,Kolbeinn Sigthorsson,FD,3/14/1990,26,Nantes,19,1220,160449,O,79,NT,2
160224,1210,10,Gylfi Sigurdsson,MF,9/8/1989,26,Swansea,19,1220,160451,O,79,NT,2
160227,1210,11,Alfred Finnbogason,FD,2/1/1989,27,Augsburg,19,1220,160457,I,85,NT,2
160210,1210,12,Ogmundur Kristinsson,GK,6/19/1989,26,Hammarby,19,1220,160458,O,85,NT,2
160209,1210,13,Ingvar Jonsson,GK,10/18/1989,26,Sandefjord,20,1204,160083,I,62,NT,2
160220,1210,14,Kari Arnason,MF,10/13/1982,33,Malmo,20,1204,160084,O,62,NT,2
160226,1210,15,Jon Dadi Bodvarsson,FD,5/25/1992,24,Kaiserslautern,20,1204,160075,I,90,NT,2
160225,1210,16,Runar Mar Sigurjonsson,MF,6/18/1990,26,Sundsvall,20,1204,160086,O,90,NT,2
160222,1210,17,Aron Gunnarsson,MF,4/22/1989,27,Cardiff,20,1204,160079,I,2,ST,2
160211,1210,18,Elmar Bjarnason,DF,3/4/1987,29,AGF,20,1204,160077,O,2,ST,2
160215,1210,19,Hordur Magnusson,DF,2/11/1993,23,Cesena,20,1205,160115,I,67,NT,2
160223,1210,20,Emil Hallfredsson,MF,6/29/1984,31,Udinese,20,1205,160112,I,67,NT,2
160219,1210,21,Arnor Ingvi Traustason,DF,4/30/1993,23,Norrkoping,20,1205,160113,O,67,NT,2
160228,1210,22,Eidur Gudjohnsen,FD,9/15/1978,37,Molde,20,1205,160111,O,67,NT,2
160218,1210,23,Ari Skulason,DF,5/14/1987,29,OB,20,1205,160114,I,86,NT,2
160231,1211,1,Gianluigi Buffon,GK,1/28/1978,38,Juventus,20,1205,160108,O,86,NT,2
160238,1211,2,Mattia De Sciglio,DF,10/20/1992,23,Milan,21,1219,160426,I,64,NT,2
160236,1211,3,Giorgio Chiellini,DF,8/14/1984,31,Juventus,21,1219,160431,O,64,NT,2
160237,1211,4,Matteo Darmian,DF,12/2/1989,26,Man. United,21,1219,160430,I,71,NT,2
160239,1211,5,Angelo Ogbonna,DF,5/23/1988,28,West Ham,21,1219,160428,O,71,NT,2
160241,1211,6,Antonio Candreva,MF,2/28/1987,29,Lazio,21,1219,160418,I,81,NT,2
160253,1211,7,Simone Zaza,FD,6/25/1991,24,Juventus,21,1219,160421,O,81,NT,2
160243,1211,8,Alessandro Florenzi,MF,3/11/1991,25,Roma,21,1222,160497,I,46,NT,2
160252,1211,9,Graziano Pelle,FD,7/15/1985,30,Southampton,21,1222,160495,O,46,NT,2
160245,1211,10,Thiago Motta,MF,8/28/1982,33,Paris,21,1222,160499,I,62,NT,2
160250,1211,11,Ciro Immobile,FD,2/20/1990,26,Torino,21,1222,160498,O,62,NT,2
160233,1211,12,Salvatore Sirigu,GK,1/12/1987,29,Paris,21,1222,160503,I,70,NT,2
160232,1211,13,Federico Marchetti,GK,2/7/1983,33,Lazio,21,1222,160501,O,70,NT,2
160247,1211,14,Stefano Sturaro,MF,3/9/1993,23,Juventus,22,1203,160063,I,57,NT,2
160234,1211,15,Andrea Barzagli,DF,5/8/1981,35,Juventus,22,1203,160060,O,57,NT,2
160242,1211,16,Daniele De Rossi,MF,7/24/1983,32,Roma,22,1203,160068,I,64,NT,2
160248,1211,17,Eder,FD,11/15/1986,29,Internazionale,22,1203,160058,O,64,NT,2
160246,1211,18,Marco Parolo,MF,1/25/1985,31,Lazio,22,1203,160066,I,83,NT,2
160235,1211,19,Leonardo Bonucci,DF,5/1/1987,29,Juventus,22,1203,160067,O,83,NT,2
160251,1211,20,Lorenzo Insigne,FD,6/4/1991,25,Napoli,22,1215,160337,I,62,NT,2
160240,1211,21,Federico Bernardeschi,MF,2/16/1994,22,Fiorentina,22,1215,160336,O,62,NT,2
160249,1211,22,Stephan El Shaarawy,FD,10/27/1992,23,Roma,22,1215,160338,I,71,NT,2
160244,1211,23,Emanuele Giaccherini,MF,5/5/1985,31,Bologna,22,1215,160335,O,71,NT,2
160256,1212,1,Michael McGovern,GK,7/12/1984,31,Hamilton,22,1215,160342,I,79,NT,2
160264,1212,2,Conor McLaughlin,DF,7/26/1991,24,Fleetwood,22,1215,160343,O,79,NT,2
160269,1212,3,Shane Ferguson,MF,7/12/1991,24,Millwall,23,1209,160201,I,66,NT,2
160262,1212,4,Gareth McAuley,DF,12/5/1979,36,West Brom,23,1209,160205,I,66,NT,2
160259,1212,5,Jonny Evans,DF,1/3/1988,28,West Brom,23,1209,160206,O,66,NT,2
160257,1212,6,Chris Baird,DF,2/25/1982,34,Fulham,23,1209,160200,O,66,NT,2
160275,1212,7,Niall McGinn,FD,7/20/1987,28,Aberdeen,23,1209,160207,I,84,NT,2
160267,1212,8,Steven Davis,MF,1/1/1985,31,Southampton,23,1209,160191,O,84,NT,2
160273,1212,9,Will Grigg,FD,7/3/1991,24,Wigan,23,1210,160223,I,65,NT,2
160274,1212,10,Kyle Lafferty,FD,9/16/1987,28,Birmingham,23,1210,160222,O,65,NT,2
160276,1212,11,Conor Washington,FD,5/18/1992,24,QPR,23,1210,160227,I,69,NT,2
160254,1212,12,Roy Carroll,GK,9/30/1977,38,Notts County,23,1210,160226,O,69,NT,2
160268,1212,13,Corry Evans,MF,7/30/1990,25,Blackburn,23,1210,160228,I,84,NT,2
160266,1212,14,Stuart Dallas,MF,4/19/1991,25,Leeds,23,1210,160230,O,84,NT,2
160263,1212,15,Luke McCullough,DF,2/15/1994,22,Doncaster,24,1202,160042,I,65,NT,2
160271,1212,16,Oliver Norwood,MF,4/12/1991,25,Reading,24,1202,160034,O,65,NT,2
160265,1212,17,Paddy McNair,DF,4/27/1995,21,Man. United,24,1202,160044,I,85,NT,2
160261,1212,18,Aaron Hughes,DF,11/8/1979,36,Melbourne City,24,1202,160041,O,85,NT,2
160272,1212,19,Jamie Ward,MF,5/12/1986,30,Nottm Forest,24,1202,160033,I,87,NT,2
160258,1212,20,Craig Cathcart,DF,2/6/1989,27,Watford,24,1202,160038,O,87,NT,2
160270,1212,21,Josh Magennis,MF,8/15/1990,25,Kilmarnock,24,1214,160313,I,71,NT,2
160260,1212,22,Lee Hodson,DF,10/2/1991,24,MK Dons,24,1214,160321,O,71,NT,2
160255,1212,23,Alan Mannus,GK,5/19/1982,34,St Johnstone,24,1214,160319,I,83,NT,2
160279,1213,1,Wojciech Szczesny,GK,4/18/1990,26,Roma,24,1214,160311,O,83,NT,2
160283,1213,2,Michal Pazdan,DF,9/21/1987,28,Legia,24,1214,160315,I,89,NT,2
160282,1213,3,Artur Jedrzejczyk,DF,11/4/1987,28,Legia,24,1214,160320,O,89,NT,2
160280,1213,4,Thiago Cionek,DF,4/21/1986,30,Palermo,25,1201,160020,I,59,NT,2
160293,1213,5,Krzysztof Maczynski,MF,5/23/1987,29,Wisla,25,1201,160023,O,59,NT,2
160289,1213,6,Tomasz Jodlowiec,MF,9/8/1985,30,Legia,25,1201,160018,I,77,NT,2
160298,1213,7,Arkadiusz Milik,FD,2/28/1994,22,Ajax,25,1201,160016,O,77,NT,2
160292,1213,8,Karol Linetty,MF,2/2/1995,21,Lech,25,1201,160013,I,83,NT,2
160297,1213,9,Robert Lewandowski,FD,8/21/1988,27,Bayern,25,1201,160012,O,83,NT,2
160291,1213,10,Grzegorz Krychowiak,MF,1/29/1990,26,Sevilla,25,1216,160362,I,46,NT,2
160288,1213,11,Kamil Grosicki,MF,6/8/1988,28,Rennes,25,1216,160361,O,46,NT,2
160277,1213,12,Artur Boruc,GK,2/20/1980,36,Bournemouth,25,1216,160364,I,57,NT,2
160299,1213,13,Mariusz Stepinski,FD,5/12/1995,21,Ruch,25,1216,160365,O,57,NT,2
160286,1213,14,Jakub Wawrzyniak,DF,7/7/1983,32,Lechia,25,1216,160366,I,68,NT,2
160281,1213,15,Kamil Glik,DF,2/3/1988,28,Torino,25,1216,160360,O,68,NT,2
160287,1213,16,Jakub Blaszczykowski,MF,12/14/1985,30,Fiorentina,26,1207,160154,I,63,NT,2
160294,1213,17,Slawomir Peszko,MF,2/19/1985,31,Lechia,26,1207,160151,O,63,NT,2
160285,1213,18,Bartosz Salamon,DF,5/1/1991,25,Cagliari,26,1207,160153,I,77,NT,2
160296,1213,19,Piotr Zielinski,MF,5/20/1994,22,Empoli,26,1207,160160,O,77,NT,2
160284,1213,20,Lukasz Piszczek,DF,6/3/1985,31,Dortmund,26,1221,160482,I,74,NT,2
160290,1213,21,Bartosz Kapustka,MF,12/23/1996,19,,26,1221,160480,O,74,NT,2
160278,1213,22,Lukasz Fabianski,GK,4/18/1985,31,Swansea,26,1221,160474,I,79,NT,2
160295,1213,23,Filip Starzynski,MF,5/27/1991,25,Zaglebie,26,1221,160476,O,79,NT,2
160302,1214,1,Rui Patricio,GK,2/15/1988,28,Sporting CP,26,1221,160466,I,86,NT,2
160303,1214,2,Bruno Alves,DF,11/27/1981,34,Fenerbahce,26,1221,160481,O,86,NT,2
160307,1214,3,Pepe,DF,2/26/1983,33,Real Madrid,27,1217,160372,I,46,NT,2
160306,1214,4,Jose Fonte,DF,12/22/1983,32,Southampton,27,1217,160373,O,46,NT,2
160308,1214,5,Raphael Guerreiro,DF,12/22/1993,22,Lorient,27,1217,160381,I,52,NT,2
160309,1214,6,Ricardo Carvalho,DF,5/18/1978,38,Monaco,27,1217,160386,O,52,NT,2
160322,1214,7,Cristiano Ronaldo,FD,2/5/1985,31,Real Madrid,27,1217,160384,I,70,NT,2
160314,1214,8,Joao Moutinho,MF,9/8/1986,29,Monaco,27,1217,160391,O,70,NT,2
160319,1214,9,Eder,FD,12/22/1987,28,LOSC,27,1224,160541,I,74,NT,2
160313,1214,10,Joao Mario,MF,1/19/1993,23,Sporting CP,27,1224,160540,O,74,NT,2
160317,1214,11,Vieirinha,MF,1/24/1986,30,Wolfsburg,27,1224,160542,I,76,NT,2
160301,1214,12,Anthony Lopes,GK,10/1/1990,25,Lyon,27,1224,160543,O,76,NT,2
160312,1214,13,Danilo,MF,9/9/1991,24,Porto,27,1224,160548,I,83,NT,2
160318,1214,14,William Carvalho,MF,4/7/1992,24,Sporting CP,27,1224,160547,O,83,NT,2
160311,1214,15,Andre Gomes,MF,7/30/1993,22,Valencia,28,1206,160136,I,56,NT,2
160316,1214,16,Renato Sanches,MF,8/18/1997,18,Benfica,28,1206,160133,O,56,NT,2
160320,1214,17,Nani,FD,11/17/1986,29,Fenerbahce,28,1206,160126,I,61,NT,2
160315,1214,18,Rafa Silva,MF,5/17/1993,23,Braga,28,1206,160130,O,61,NT,2
160305,1214,19,Eliseu,DF,10/1/1983,32,Benfica,28,1206,160134,I,76,NT,2
160321,1214,20,Ricardo Quaresma,FD,9/26/1983,32,Besiktas,28,1206,160137,O,76,NT,2
160304,1214,21,Cedric,DF,8/31/1991,24,Southampton,28,1218,160402,I,57,NT,2
160300,1214,22,Eduardo,GK,9/19/1982,33,Dinamo Zagreb,28,1218,160403,O,57,NT,2
160310,1214,23,Adrien Silva,MF,3/15/1989,27,Sporting CP,28,1218,160396,I,67,NT,2
160325,1215,1,Keiren Westwood,GK,10/23/1984,31,Sheff. Wednesday,28,1218,160409,O,67,NT,2
160328,1215,2,Seamus Coleman,DF,10/11/1988,27,Everton,28,1218,160400,I,78,NT,2
160327,1215,3,Ciaran Clark,DF,9/26/1989,26,Aston Villa,28,1218,160411,O,78,NT,2
160331,1215,4,John OShea,DF,4/30/1981,35,Sunderland,29,1213,160287,I,46,NT,2
160330,1215,5,Richard Keogh,DF,8/11/1986,29,Derby,29,1213,160296,O,46,NT,2
160341,1215,6,Glenn Whelan,MF,1/13/1984,32,Stoke,29,1213,160288,I,71,NT,2
160338,1215,7,Aiden McGeady,MF,4/4/1986,30,Sheff. Wednesday,29,1213,160290,O,71,NT,2
160336,1215,8,James McCarthy,MF,11/12/1990,25,Everton,29,1213,160295,I,3,ST,2
160343,1215,9,Shane Long,FD,1/22/1987,29,Southampton,29,1213,160298,O,3,ST,2
160342,1215,10,Robbie Keane,FD,7/8/1980,35,LA Galaxy,29,1223,160519,I,73,NT,2
160337,1215,11,James McClean,MF,4/22/1989,27,West Brom,29,1223,160526,O,73,NT,2
160329,1215,12,Shane Duffy,DF,1/1/1992,24,Blackburn,29,1223,160524,I,1,ST,2
160334,1215,13,Jeff Hendrick,MF,1/31/1992,24,Derby,29,1223,160529,O,1,ST,2
160345,1215,14,Jon Walters,FD,9/20/1983,32,Stoke,30,1208,160179,I,55,NT,2
160326,1215,15,Cyrus Christie,DF,9/30/1992,23,Derby,30,1208,160174,O,55,NT,2
160323,1215,16,Shay Given,GK,4/20/1976,40,Stoke,30,1208,160180,I,69,NT,2
160332,1215,17,Stephen Ward,DF,8/20/1985,30,Burnley,30,1208,160175,O,69,NT,2
160339,1215,18,David Meyler,MF,5/29/1989,27,Hull,30,1208,160167,I,76,NT,2
160333,1215,19,Robbie Brady,MF,1/14/1992,24,Norwich,30,1208,160165,O,76,NT,2
160335,1215,20,Wes Hoolahan,MF,5/20/1982,34,Norwich,30,1212,160274,I,59,NT,2
160344,1215,21,Daryl Murphy,FD,3/15/1983,33,Ipswich,30,1212,160276,O,59,NT,2
160340,1215,22,Stephen Quinn,MF,4/1/1986,30,Reading,30,1212,160270,I,70,NT,2
160324,1215,23,Darren Randolph,GK,5/12/1987,29,West Ham,30,1212,160272,O,70,NT,2
160347,1216,1,Costel Pantilimon,GK,2/1/1987,29,Watford,30,1212,160275,I,84,NT,2
160353,1216,2,Alexandru Matel,DF,10/17/1989,26,Dinamo Zagreb,30,1212,160268,O,84,NT,2
160355,1216,3,Razvan Rat,DF,5/26/1981,35,Rayo Vallecano,31,1205,160115,I,57,NT,2
160354,1216,4,Cosmin Moti,DF,12/3/1984,31,Ludogorets,31,1205,160107,O,57,NT,2
160358,1216,5,Ovidiu Hoban,MF,12/27/1982,33,H. Beer-Sheva,31,1205,160112,I,71,NT,2
160349,1216,6,Vlad Chiriches,DF,11/14/1989,26,Napoli,31,1205,160104,O,71,NT,2
160357,1216,7,Alexandru Chipciu,MF,5/18/1989,27,Steaua,31,1205,160105,I,90,NT,2
160359,1216,8,Mihai Pintilii,MF,11/9/1984,31,Steaua,31,1205,160108,O,90,NT,2
160365,1216,9,Denis Alibec,FD,1/5/1991,25,Astra,31,1222,160498,I,61,NT,2
160363,1216,10,Nicolae Stanciu,MF,5/7/1993,23,Steaua,31,1222,160502,O,61,NT,2
160364,1216,11,Gabriel Torje,MF,11/22/1989,26,Osmanlispor,31,1222,160499,I,69,NT,2
160348,1216,12,Ciprian Tatarusanu,GK,2/9/1986,30,Fiorentina,31,1222,160506,O,69,NT,2
160367,1216,13,Claudiu Keeru,FD,12/2/1986,29,Ludogorets,31,1222,160505,I,90,NT,2
160366,1216,14,Florin Andone,FD,4/11/1993,23,Cordoba,31,1222,160504,O,90,NT,2
160351,1216,15,Valerica Gaman,DF,2/25/1989,27,Astra,32,1204,160083,I,82,NT,2
160350,1216,16,Steliano Filip,DF,5/15/1994,22,Dinamo Bucuresti,32,1204,160087,O,82,NT,2
160362,1216,17,Lucian Sanmartean,MF,3/13/1980,36,Al-Ittihad,32,1204,160088,I,90,NT,2
160361,1216,18,Andrei Prepelita,MF,12/8/1985,30,Ludogorets,32,1204,160092,O,90,NT,2
160368,1216,19,Bogdan Stancu,FD,6/28/1987,28,Genclerbirligi,32,1204,160090,I,2,ST,2
160360,1216,20,Adrian Popa,MF,7/24/1988,27,Steaua,32,1204,160085,O,2,ST,2
160352,1216,21,Dragos Grigore,DF,9/7/1986,29,Al-Sailiya,32,1219,160426,I,60,NT,2
160356,1216,22,Cristian Sapunaru,DF,4/5/1984,32,Pandurii,32,1219,160436,O,60,NT,2
160346,1216,23,Silviu Lung,GK,6/4/1989,27,Astra,32,1219,160433,I,67,NT,2
160369,1217,1,Igor Akinfeev,GK,4/8/1986,30,CSKA Moskva,32,1219,160435,O,67,NT,2
160378,1217,2,Roman Shishkin,DF,1/27/1987,29,Lokomotiv Moskva,32,1219,160432,I,84,NT,2
160379,1217,3,Igor Smolnikov,DF,8/8/1988,27,Zenit,32,1219,160428,O,84,NT,2
160374,1217,4,Sergei Ignashevich,DF,7/14/1979,36,CSKA Moskva,33,1202,160042,I,46,NT,2
160376,1217,5,Roman Neustadter,DF,2/18/1988,28,Schalke,33,1202,160045,I,46,NT,2
160372,1217,6,Aleksei Berezutski,DF,6/20/1982,33,CSKA Moskva,33,1202,160031,O,46,NT,2
160388,1217,7,Artur Yusupov,MF,9/1/1989,26,Zenit,33,1202,160038,O,46,NT,2
160380,1217,8,Denis Glushakov,MF,1/27/1987,29,Spartak Moskva,33,1202,160039,I,78,NT,2
160390,1217,9,Aleksandr Kokorin,FD,3/19/1991,25,Zenit,33,1202,160041,O,78,NT,2
160391,1217,10,Fedor Smolov,FD,2/9/1990,26,Krasnodar,33,1210,160211,I,71,NT,2
160383,1217,11,Pavel Mamaev,MF,9/17/1988,27,Krasnodar,33,1210,160226,O,71,NT,2
160371,1217,12,Yuri Lodygin,GK,5/26/1990,26,Zenit,33,1210,160219,I,80,NT,2
160381,1217,13,Aleksandr Golovin,MF,5/30/1996,20,CSKA Moskva,33,1210,160230,O,80,NT,2
160373,1217,14,Vasili Berezutski,DF,6/20/1982,33,CSKA Moskva,33,1210,160214,I,86,NT,2
160386,1217,15,Roman Shirokov,MF,7/6/1981,34,CSKA Moskva,33,1210,160229,O,86,NT,2
160370,1217,16,Guilherme,GK,12/12/1985,30,Lokomotiv Moskva,34,1209,160188,I,46,NT,2
160385,1217,17,Oleg Shatov,MF,7/29/1990,25,Zenit,34,1209,160203,O,46,NT,2
160382,1217,18,Oleg Ivanov,MF,8/4/1986,29,Terek,34,1209,160204,I,71,NT,2
160384,1217,19,Aleksandr Samedov,MF,7/19/1984,31,Lokomotiv Moskva,34,1209,160207,O,71,NT,2
160387,1217,20,Dmitri Torbinski,MF,4/28/1984,32,Krasnodar,34,1209,160200,I,83,NT,2
160377,1217,21,Georgi Schennikov,DF,4/27/1991,25,CSKA Moskva,34,1209,160198,O,83,NT,2
160389,1217,22,Artem Dzyuba,FD,8/22/1988,27,Zenit,34,1214,160316,I,46,NT,2
160375,1217,23,Dmitri Kombarov,DF,1/22/1987,29,Spartak Moskva,34,1214,160314,O,46,NT,2
160393,1218,1,Jan Mucha,GK,12/5/1982,33,Slovan Bratislava,34,1214,160321,I,61,NT,2
160398,1218,2,Peter Pekarik,DF,10/30/1986,29,Hertha,34,1214,160311,O,61,NT,2
160401,1218,3,Martin Skrtel,DF,12/15/1984,31,Liverpool,34,1214,160313,I,81,NT,2
160395,1218,4,Jan Durica,DF,12/10/1981,34,Lokomotiv Moskva,34,1214,160320,O,81,NT,2
160396,1218,5,Norbert Gyomber,DF,7/3/1992,23,Roma,35,1211,160237,I,60,NT,2
160404,1218,6,Jan Gregus,MF,1/29/1991,25,Jablonec,35,1211,160240,O,60,NT,2
160411,1218,7,Vladimir Weiss,MF,11/30/1989,26,Al-Gharafa,35,1211,160251,I,74,NT,2
160403,1218,8,Ondrej Duda,MF,12/5/1994,21,Legia,35,1211,160250,O,74,NT,2
160414,1218,9,Stanislav Sestak,FD,12/16/1982,33,Ferencvaros,35,1211,160249,I,81,NT,2
160410,1218,10,Miroslav Stoch,MF,10/19/1989,26,Bursaspor,35,1211,160238,O,81,NT,2
160413,1218,11,Adam Nemec,FD,9/2/1985,30,Willem II,35,1215,160338,I,70,NT,2
160394,1218,12,Jan Novota,GK,11/29/1983,32,Rapid Wien,35,1215,,I,,NT,2
160406,1218,13,Patrik HroSovsky,MF,4/22/1992,24,Plzen,35,1215,160344,O,70,NT,2
160400,1218,14,Milan Skriniar,DF,2/11/1995,21,Sampdoria,35,1215,160335,I,77,NT,2
160397,1218,15,TomasHubocan,DF,9/17/1985,30,Dinamo Moskva,35,1215,160336,O,77,NT,2
160399,1218,16,Kornel Salata,DF,1/24/1985,31,Slovan Bratislava,35,1215,160340,I,90,NT,2
160405,1218,17,Marek Hamsik,MF,7/27/1987,28,Napoli,35,1215,160343,O,90,NT,2
160402,1218,18,Dusan Svento,DF,8/1/1985,30,Koln,36,1203,160068,I,71,NT,2
160407,1218,19,Juraj Kucka,MF,2/26/1987,29,Milan,36,1203,160058,O,71,NT,2
160408,1218,20,Robert Mak,MF,3/8/1991,25,PAOK,36,1203,160066,I,87,NT,2
160412,1218,21,Michal Duris,FD,6/1/1988,28,Plzen,36,1203,160067,O,87,NT,2
160409,1218,22,Viktor Pecovsky,MF,5/24/1983,33,zilina,36,1203,160069,I,2,ST,2
160392,1218,23,MatusKozacik,GK,12/27/1983,32,Plzen,36,1203,160062,O,2,ST,2
160415,1219,1,Lker Casillas,GK,5/20/1981,35,Porto,36,1220,160458,I,63,NT,2
160418,1219,2,Cesar Azpilicueta,DF,8/28/1989,26,Chelsea,36,1220,160457,O,63,NT,2
160423,1219,3,Gerard Pique,DF,2/2/1987,29,Barcelona,36,1220,160448,I,70,NT,2
160419,1219,4,Marc Bartra,DF,1/15/1991,25,Barcelona,36,1220,160454,O,70,NT,2
160427,1219,5,Sergio Busquets,MF,7/16/1988,27,Barcelona,36,1220,160450,I,82,NT,2
160429,1219,6,Andres Iniesta,MF,5/11/1984,32,Barcelona,36,1220,160451,O,82,NT,2
160435,1219,7,Alvaro Morata,FD,10/23/1992,23,Juventus,37,1213,160289,I,101,ET,1
160430,1219,8,Koke,MF,1/8/1992,24,Atletico,37,1213,160293,O,101,ET,1
160434,1219,9,Lucas Vazquez,FD,7/1/1991,24,Real Madrid,37,1213,160294,I,104,ET,1
160428,1219,10,Cesc Fabregas,MF,5/4/1987,29,Chelsea,37,1213,160288,O,104,ET,1
160437,1219,11,Pedro Rodriguez,FD,7/28/1987,28,Chelsea,37,1221,160480,I,58,NT,2
160420,1219,12,Hector Bellerin,DF,3/19/1995,21,Arsenal,37,1221,160473,O,58,NT,2
160416,1219,13,David de Gea,GK,11/7/1990,25,Man. United,37,1221,160479,I,70,NT,2
160432,1219,14,Thiago Alcantara,MF,4/11/1991,25,Bayern,37,1221,160481,O,70,NT,2
160424,1219,15,Sergio Ramos,DF,3/30/1986,30,Real Madrid,37,1221,160474,I,77,NT,2
160422,1219,16,Juanfran,DF,1/9/1985,31,Atletico,37,1221,160472,O,77,NT,2
160425,1219,17,Mikel San Jose,DF,5/30/1989,27,Athletic,38,1212,160276,I,69,NT,2
160421,1219,18,Jordi Alba,DF,3/21/1989,27,Barcelona,38,1212,160272,O,69,NT,2
160426,1219,19,Bruno Soriano,MF,6/12/1984,32,Villarreal,38,1212,160275,I,79,NT,2
160433,1219,20,Aritz Aduriz,FD,2/11/1981,35,Athletic,38,1212,160271,O,79,NT,2
160431,1219,21,David Silva,MF,1/8/1986,30,Man. City,38,1212,160270,I,84,NT,2
160436,1219,22,Nolito,FD,10/15/1986,29,Celta,38,1212,160262,O,84,NT,2
160417,1219,23,Sergio Rico,GK,9/1/1993,22,Sevilla,38,1224,160550,I,55,NT,2
160439,1220,1,Andreas Isaksson,GK,10/3/1981,34,Kasimpasa,38,1224,160551,O,55,NT,2
160446,1220,2,Mikael Lustig,DF,12/13/1986,29,Celtic,38,1224,160546,I,63,NT,2
160444,1220,3,Erik Johansson,DF,12/30/1988,27,Kobenhavn,38,1224,160543,O,63,NT,2
160442,1220,4,Andreas Granqvist,DF,4/16/1985,31,Krasnodar,39,1204,160092,I,110,ET,2
160447,1220,5,Martin Olsson,DF,5/17/1988,28,Norwich,39,1204,160086,O,110,ET,2
160451,1220,6,Emil Forsberg,MF,10/23/1991,24,Leipzig,39,1204,160090,I,120,ET,2
160454,1220,7,Sebastian Larsson,MF,6/6/1985,31,Sunderland,39,1204,160073,O,120,ET,2
160449,1220,8,Albin Ekdal,MF,7/28/1989,26,Hamburg,39,1204,160089,I,88,NT,2
160453,1220,9,Kim Kallstrom,MF,8/24/1982,33,Grasshoppers,39,1204,160091,O,88,NT,2
160459,1220,10,Zlatan Ibrahimovic,FD,10/3/1981,34,Paris,39,1214,160313,I,117,ET,2
160457,1220,11,Marcus Berg,FD,8/17/1986,29,Panathinaikos,39,1214,160310,O,117,ET,2
160440,1220,12,Robin Olsen,GK,1/8/1990,26,Kobenhavn,39,1214,160316,I,50,NT,2
160443,1220,13,Pontus Jansson,DF,2/13/1991,25,Torino,39,1214,160311,O,50,NT,2
160445,1220,14,Victor Lindelof,DF,7/17/1994,21,Benfica,39,1214,160321,I,87,NT,2
160452,1220,15,Oscar Hiljemark,MF,6/28/1992,23,Palermo,39,1214,160313,O,87,NT,2
160456,1220,16,Pontus Wernbloom,MF,6/25/1986,29,CSKA Moskva,40,1207,160151,I,46,NT,2
160441,1220,17,Ludwig Augustinsson,DF,4/21/1994,22,Kobenhavn,40,1207,160152,O,46,NT,2
160455,1220,18,Oscar Lewicki,MF,7/14/1992,23,Malmo,40,1207,160158,I,73,NT,2
160460,1220,19,Emir Kujovic,FD,6/22/1988,27,Norrkoping,40,1207,160159,O,73,NT,2
160458,1220,20,John Guidetti,FD,4/15/1992,24,Celta,40,1207,160157,I,2,ST,2
160448,1220,21,Jimmy Durmaz,MF,3/22/1989,27,Olympiacos,40,1207,160151,O,2,ST,2
160450,1220,22,Erkan Zengin,MF,8/5/1985,30,Trabzonspor,40,1215,160345,I,65,NT,2
160438,1220,23,Patrik Carlgren,GK,1/8/1992,24,AIK,40,1215,160344,O,65,NT,2
160463,1221,1,Yann Sommer,GK,12/17/1988,27,Monchengladbach,40,1215,160331,I,68,NT,2
160467,1221,2,Stephan Lichtsteiner,DF,1/16/1984,32,Juventus,40,1215,160337,O,68,NT,2
160468,1221,3,Francois Moubandje,DF,6/21/1990,25,Toulouse,40,1215,160335,I,71,NT,2
160465,1221,4,Nico Elvedi,DF,9/30/1996,19,Monchengladbach,40,1215,160336,O,71,NT,2
160471,1221,5,Steve von Bergen,DF,6/10/1983,33,Young Boys,41,1208,160167,I,72,NT,2
160466,1221,6,Michael Lang,DF,2/8/1991,25,Basel,41,1208,160184,I,72,NT,2
160480,1221,7,Breel Embolo,FD,2/14/1997,19,Basel,41,1208,160165,O,72,NT,2
160475,1221,8,Fabian Frei,MF,1/8/1989,27,Mainz,41,1208,160173,O,72,NT,2
160482,1221,9,Haris Seferovic,FD,2/22/1992,24,Frankfurt,41,1208,160180,I,76,NT,2
160477,1221,10,Granit Xhaka,MF,9/27/1992,23,Monchengladbach,41,1208,160175,O,76,NT,2
160472,1221,11,Valon Behrami,MF,4/19/1985,31,Watford,41,1218,160404,I,46,NT,2
160462,1221,12,Marwin Hitz,GK,9/18/1987,28,Augsburg,41,1218,160411,O,46,NT,2
160469,1221,13,Ricardo Rodriguez,DF,8/25/1992,23,Wolfsburg,41,1218,160414,I,64,NT,2
160478,1221,14,Denis Zakaria,MF,11/20/1996,19,Young Boys,41,1218,160412,O,64,NT,2
160473,1221,15,Blerim Dzemaili,MF,4/12/1986,30,Genoa,41,1218,160399,I,84,NT,2
160474,1221,16,Gelson Fernandes,MF,9/2/1986,29,Rennes,41,1218,160396,O,84,NT,2
160483,1221,17,Shani Tarashaj,FD,2/7/1995,21,Grasshoppers,42,1203,160058,I,70,NT,2
160481,1221,18,Admir Mehmedi,FD,3/16/1991,25,Leverkusen,42,1203,160068,O,70,NT,2
160479,1221,19,Eren Derdiyok,FD,6/12/1988,28,Kasimpasa,42,1203,160065,I,76,NT,2
160464,1221,20,Johan Djourou,DF,1/18/1987,29,Hamburg,42,1203,160067,O,76,NT,2
160461,1221,21,Roman Burki,GK,11/14/1990,25,Dortmund,42,1203,160061,I,81,NT,2
160470,1221,22,Fabian Schar,DF,12/20/1991,24,Hoffenheim,42,1203,160062,O,81,NT,2
160476,1221,23,Xherdan Shaqiri,MF,10/10/1991,24,Stoke,42,1209,160196,I,46,NT,2
160486,1222,1,Volkan Babacan,GK,8/11/1988,27,Istanbul Basaksehir,42,1209,160203,O,46,NT,2
160492,1222,2,Semih Kaya,DF,2/24/1991,25,Galatasaray,42,1209,160205,I,75,NT,2
160490,1222,3,Hakan Balta,DF,3/23/1983,33,Galatasaray,42,1209,160195,O,75,NT,2
160487,1222,4,Ahmet Calik,DF,2/26/1994,22,Genclerbirligi,42,1209,160201,I,79,NT,2
160497,1222,5,Nuri Sahin,MF,9/5/1988,27,Dortmund,42,1209,160191,O,79,NT,2
160495,1222,6,Hakan Calhanoglu,MF,2/8/1994,22,Leverkusen,43,1211,160245,I,54,NT,2
160489,1222,7,Gokhan Gonul,DF,1/4/1985,31,Fenerbahce,43,1211,160242,O,54,NT,2
160501,1222,8,Selcuk Inan,MF,2/10/1985,31,Galatasaray,43,1211,160251,I,82,NT,2
160505,1222,9,Cenk Tosun,FD,6/7/1991,25,Besiktas,43,1211,160248,O,82,NT,2
160494,1222,10,Arda Turan,MF,1/30/1987,29,Barcelona,43,1211,160237,I,84,NT,2
160499,1222,11,Olcay Sahan,MF,5/26/1987,29,Besiktas,43,1211,160243,O,84,NT,2
160485,1222,12,Onur Kivrak,GK,1/1/1988,28,Trabzonspor,43,1219,160433,I,46,NT,2
160491,1222,13,Ismail Koybasi,DF,7/10/1989,26,Besiktas,43,1219,160436,O,46,NT,2
160498,1222,14,Oguzhan Ozyakup,MF,9/23/1992,23,Besiktas,43,1219,160434,I,70,NT,2
160496,1222,15,Mehmet Topal,MF,3/3/1986,30,Fenerbahce,43,1219,160435,O,70,NT,2
160500,1222,16,Ozan Tufan,MF,3/23/1995,21,Fenerbahce,43,1219,160437,I,81,NT,2
160504,1222,17,Burak Yilmaz,FD,7/15/1985,30,Beijing Guoan,43,1219,160433,O,81,NT,2
160488,1222,18,Caner Erkin,DF,10/4/1988,27,Fenerbahce,44,1206,160133,I,46,NT,2
160503,1222,19,Yunus Malli,MF,2/24/1992,24,Mainz,44,1206,160128,O,46,NT,2
160502,1222,20,Volkan Sen,MF,7/7/1987,28,Fenerbahce,44,1206,160138,I,60,NT,2
160506,1222,21,Emre Mor,FD,7/24/1997,18,NordsjÃ¦lland,44,1206,160132,O,60,NT,2
160493,1222,22,Sener Ozbayrakli,DF,1/23/1990,26,Fenerbahce,44,1206,160135,I,87,NT,2
160484,1222,23,Harun Tekin,GK,6/17/1989,27,Bursaspor,44,1206,160136,O,87,NT,2
160507,1223,1,Denys Boyko,GK,1/29/1988,28,Besiktas,44,1210,160211,I,76,NT,2
160510,1223,2,Bohdan Butko,DF,1/13/1991,25,Amkar,44,1210,160230,O,76,NT,2
160512,1223,3,Yevhen Khacheridi,DF,7/28/1987,28,Dynamo Kyiv,44,1210,160219,I,89,NT,2
160524,1223,4,Anatoliy Tymoshchuk,MF,3/30/1979,37,Kairat,44,1210,160226,O,89,NT,2
160513,1223,5,Olexandr Kucher,DF,10/22/1982,33,Shakhtar Donetsk,45,1213,160289,I,98,ET,1
160522,1223,6,Taras Stepanenko,MF,8/8/1989,26,Shakhtar Donetsk,45,1213,160293,O,98,ET,1
160525,1223,7,Andriy Yarmolenko,MF,10/23/1989,26,Dynamo Kyiv,45,1213,160290,I,82,NT,2
160529,1223,8,Roman Zozulya,FD,11/17/1989,26,Dnipro,45,1213,160288,O,82,NT,2
160519,1223,9,Viktor Kovalenko,MF,2/14/1996,20,Shakhtar Donetsk,45,1214,160313,I,96,ET,1
160518,1223,10,Yevhen Konoplyanka,MF,9/29/1989,26,Sevilla,45,1214,160318,O,96,ET,1
160528,1223,11,Yevhen Seleznyov,FD,7/20/1985,30,Shakhtar Donetsk,45,1214,160314,I,70,NT,2
160508,1223,12,Andriy Pyatov,GK,6/28/1984,31,Shakhtar Donetsk,45,1214,160310,O,70,NT,2
160515,1223,13,Vyacheslav Shevchuk,DF,5/13/1979,37,Shakhtar Donetsk,45,1214,160321,I,80,NT,2
160520,1223,14,Ruslan Rotan,MF,10/29/1981,34,Dnipro,45,1214,160313,O,80,NT,2
160527,1223,15,Pylyp Budkivskiy,FD,3/10/1992,24,Zorya,46,1203,160061,I,46,NT,2
160523,1223,16,Serhiy Sydorchuk,MF,5/2/1991,25,Dynamo Kyiv,46,1203,160058,O,46,NT,2
160511,1223,17,Artem Fedetskiy,DF,4/26/1985,31,Dnipro,46,1203,160068,I,75,NT,2
160521,1223,18,Serhiy Rybalka,MF,4/1/1990,26,Dynamo Kyiv,46,1203,160054,O,75,NT,2
160516,1223,19,Denys Garmash,MF,4/19/1990,26,Dynamo Kyiv,46,1203,160065,I,83,NT,2
160514,1223,20,Yaroslav Rakitskiy,DF,8/3/1989,26,Shakhtar Donetsk,46,1203,160067,O,83,NT,2
160526,1223,21,Olexandr Zinchenko,MF,12/15/1996,19,Ufa,46,1224,160542,I,78,NT,2
160517,1223,22,Olexandr Karavaev,MF,6/2/1992,24,Zorya,46,1224,160543,O,78,NT,2
160509,1223,23,Mykyta Shevchenko,GK,1/26/1993,23,Zorya,46,1224,160551,I,80,NT,2
160531,1224,1,Wayne Hennessey,GK,1/24/1987,29,Crystal Palace,46,1224,160550,O,80,NT,2
160536,1224,2,Chris Gunter,DF,7/21/1989,26,Reading,46,1224,160534,I,90,NT,2
160538,1224,3,Neil Taylor,DF,2/7/1989,27,Swansea,46,1224,160544,O,90,NT,2
160535,1224,4,Ben Davies,DF,4/24/1993,23,Tottenham,47,1208,160180,I,16,NT,1
160533,1224,5,James Chester,DF,1/23/1989,27,West Brom,47,1208,160175,O,16,NT,1
160539,1224,6,Ashley Williams,DF,8/23/1984,31,Swansea,47,1208,160173,I,72,NT,2
160540,1224,7,Joe Allen,MF,3/14/1990,26,Liverpool,47,1208,160182,O,72,NT,2
160542,1224,8,Andy King,MF,10/29/1988,27,Leicester,47,1211,160253,I,120,ET,2
160550,1224,9,Hal Robson-Kanu,FD,5/21/1989,27,Reading,47,1211,160236,O,120,ET,2
160544,1224,10,Aaron Ramsey,MF,12/26/1990,25,Arsenal,47,1211,160237,I,86,NT,2
160547,1224,11,Gareth Bale,FD,7/16/1989,26,Real Madrid,47,1211,160243,O,86,NT,2
160530,1224,12,Owain Fon Williams,GK,3/17/1987,29,Inverness,47,1211,160251,I,108,NT,2
160552,1224,13,George Williams,FD,9/7/1995,20,Fulham,47,1211,160248,O,108,NT,2
160541,1224,14,David Edwards,MF,2/3/1986,30,Wolves,48,1207,160158,I,60,NT,2
160537,1224,15,Jazz Richards,DF,4/12/1991,25,Fulham,48,1207,160159,O,60,NT,2
160543,1224,16,Joe Ledley,MF,1/23/1987,29,Crystal Palace,48,1207,160146,I,72,NT,2
160549,1224,17,David Cotterill,FD,12/4/1987,28,Birmingham,48,1207,160145,O,72,NT,2
160551,1224,18,Sam Vokes,FD,10/21/1989,26,Burnley,48,1207,160151,I,80,NT,2
160534,1224,19,James Collins,DF,8/23/1983,32,West Ham,48,1207,160154,O,80,NT,2
160546,1224,20,Jonathan Williams,MF,10/9/1993,22,Crystal Palace,48,1210,160214,I,46,NT,2
160532,1224,21,Danny Ward,GK,6/22/1993,22,Liverpool,48,1210,160227,I,46,NT,2
160545,1224,22,David Vaughan,MF,2/18/1983,33,Nottm Forest,48,1210,160220,O,46,NT,2
160548,1224,23,Simon Church,FD,12/10/1988,27,MK Dons,48,1210,160226,O,46,NT,2
,,,,,,,,48,1210,160228,I,83,NT,2
,,,,,,,,48,1210,160230,O,83,NT,2
,,,,,,,,49,1214,160311,I,74,NT,2
,,,,,,,,49,1214,160316,O,74,NT,2
,,,,,,,,49,1214,160314,I,79,NT,2
,,,,,,,,49,1214,160310,O,79,NT,2
,,,,,,,,49,1214,160321,I,86,NT,2
,,,,,,,,49,1214,160320,O,86,NT,2
,,,,,,,,49,1224,160551,I,58,NT,2
,,,,,,,,49,1224,160543,O,58,NT,2
,,,,,,,,49,1224,160548,I,63,NT,2
,,,,,,,,49,1224,160550,O,63,NT,2
,,,,,,,,49,1224,160546,I,66,NT,2
,,,,,,,,49,1224,160534,O,66,NT,2
,,,,,,,,50,1207,160152,I,71,NT,2
,,,,,,,,50,1207,160154,O,71,NT,2
,,,,,,,,50,1207,160158,I,78,NT,2
,,,,,,,,50,1207,160159,O,78,NT,2
,,,,,,,,50,1207,160150,I,2,ST,2
,,,,,,,,50,1207,160160,O,2,ST,2
,,,,,,,,50,1208,160170,I,61,NT,2
,,,,,,,,50,1208,160165,O,61,NT,2
,,,,,,,,50,1208,160174,I,67,NT,2
,,,,,,,,50,1208,160172,O,67,NT,2
,,,,,,,,50,1208,160178,I,79,NT,2
,,,,,,,,50,1208,160180,O,79,NT,2
,,,,,,,,51,1207,160161,I,110,ET,2
,,,,,,,,51,1207,160154,O,110,ET,2
,,,,,,,,51,1207,160151,I,58,NT,2
,,,,,,,,51,1207,160154,O,58,NT,2
,,,,,,,,51,1207,160158,I,78,NT,2
,,,,,,,,51,1207,160159,O,78,NT,2
,,,,,,,,51,1214,160321,I,25,NT,1
,,,,,,,,51,1214,160322,O,25,NT,1
,,,,,,,,51,1214,160314,I,66,NT,2
,,,,,,,,51,1214,160310,O,66,NT,2
,,,,,,,,51,1214,160319,I,79,NT,2
,,,,,,,,51,1214,160316,O,79,NT,2
